id,employee_id,skill_id,current_level,target_level,gap,assessment_year,assessment_date,notes,created_at,updated_at
00772a5f-2c67-45e0-8862-9359b8b60d15,a5a8f91e-db90-47e6-a3bf-23df178facde,95,3,3,0,2025,2025-11-25,,2025-11-25 05:06:27.710122+00,2025-11-25 05:06:27.710122+00
02f05e51-4e1f-4d87-bc5c-d3b8872db7c6,2c1769ec-018d-46e5-a052-78351dc59866,97,3,3,0,2025,2025-11-25,,2025-11-25 05:06:27.710122+00,2025-11-25 05:06:27.710122+00
02ff095d-72b4-4a32-a5d0-bea01e228aee,e71fd1a1-e793-4f24-a327-c466f798c23a,81,1,2,1,2025,2025-11-25,,2025-11-25 05:06:27.710122+00,2025-11-25 05:06:27.710122+00
0382176f-30fe-4c74-94a4-35181efc78ff,e71fd1a1-e793-4f24-a327-c466f798c23a,88,2,2,0,2025,2025-11-25,,2025-11-25 05:06:27.710122+00,2025-11-25 05:06:27.710122+00
03c2f9f3-5563-45d8-ba7d-c328ed1760c1,2c1769ec-018d-46e5-a052-78351dc59866,77,2,2,0,2025,2025-11-25,,2025-11-25 05:06:27.710122+00,2025-11-25 05:06:27.710122+00
03d305e3-2429-45fa-8679-4e24579ec417,a9a5d17d-3c7c-4435-b113-378e995fc18c,95,1,2,1,2025,2025-11-25,,2025-11-25 05:06:27.710122+00,2025-11-25 05:06:27.710122+00
043be79e-dc41-4cac-b93d-20f23c736a31,e71fd1a1-e793-4f24-a327-c466f798c23a,75,2,2,0,2025,2025-11-25,,2025-11-25 05:06:27.710122+00,2025-11-25 05:06:27.710122+00
054d6597-34cc-4435-b56a-92e781181dea,8024e7b4-d63a-4b3f-96e2-4ea60381b552,71,3,3,0,2025,2025-11-25,,2025-11-25 05:06:27.710122+00,2025-11-25 05:06:27.710122+00
059221d3-fba1-4f8e-a09a-8e09b879dc9e,d1dfbfb9-be80-4387-9354-d7300d33c67f,71,1,2,1,2025,2025-11-25,,2025-11-25 05:06:27.710122+00,2025-11-25 05:06:27.710122+00
059b4434-5f09-41e6-8abb-8723841eeaaf,8024e7b4-d63a-4b3f-96e2-4ea60381b552,88,1,1,0,2025,2025-11-25,,2025-11-25 05:06:27.710122+00,2025-11-25 05:06:27.710122+00
066210e3-cb25-489f-bd87-bf52cce83cb5,4c480bfb-fea0-4e9f-8b22-5be8784fd3c8,90,1,1,0,2025,2025-11-25,,2025-11-25 05:06:27.710122+00,2025-11-25 05:06:27.710122+00
09ac98c3-c51d-48a2-9b24-12a418e7a604,4c480bfb-fea0-4e9f-8b22-5be8784fd3c8,80,3,3,0,2025,2025-11-25,,2025-11-25 05:06:27.710122+00,2025-11-25 05:06:27.710122+00
0aa5dc5d-e393-4c55-9b78-44114e41c58d,4c480bfb-fea0-4e9f-8b22-5be8784fd3c8,95,2,3,1,2025,2025-11-25,,2025-11-25 05:06:27.710122+00,2025-11-25 05:06:27.710122+00
0aaeeaa0-2c64-4699-8e94-c6e8427f400a,e13482df-ea57-4e1a-8d76-120b0b8f6c91,94,4,4,0,2025,2025-11-25,,2025-11-25 05:06:27.710122+00,2025-11-25 05:06:27.710122+00
0b5c41a5-afce-40f1-9779-f9a535057d5c,a9a5d17d-3c7c-4435-b113-378e995fc18c,85,2,2,0,2025,2025-11-25,,2025-11-25 05:06:27.710122+00,2025-11-25 05:06:27.710122+00
0b9343df-0dfe-467a-8d32-7bcdb92da400,3cd842c3-4413-4de2-85bb-95cf19e0682b,28,2,3,1,2025,2025-11-25,,2025-11-25 05:06:27.710122+00,2025-11-25 05:06:27.710122+00
0be2ee25-ff51-4256-96da-d078b9969d0c,c43999b4-b8e0-488c-93e4-cdb250a8371b,91,1,1,0,2025,2025-11-25,,2025-11-25 05:06:27.710122+00,2025-11-25 05:06:27.710122+00
0c7ac6fe-a678-4989-8ab2-12001c437c37,a5a8f91e-db90-47e6-a3bf-23df178facde,101,4,4,0,2025,2025-11-25,,2025-11-25 05:06:27.710122+00,2025-11-25 05:06:27.710122+00
0d1504fb-5bea-4a55-85ba-9b99a50536bd,a5a8f91e-db90-47e6-a3bf-23df178facde,73,3,3,0,2025,2025-11-25,,2025-11-25 05:06:27.710122+00,2025-11-25 05:06:27.710122+00
0d2eeda5-89ed-4275-8545-89108ffd63d4,e71fd1a1-e793-4f24-a327-c466f798c23a,87,1,1,0,2025,2025-11-25,,2025-11-25 05:06:27.710122+00,2025-11-25 05:06:27.710122+00
0d65b072-8bf2-46b3-b25f-b8e62b3cd138,8024e7b4-d63a-4b3f-96e2-4ea60381b552,101,1,1,0,2025,2025-11-25,,2025-11-25 05:06:27.710122+00,2025-11-25 05:06:27.710122+00
0e7a6071-2951-44a8-bd66-b33024975f55,a9a5d17d-3c7c-4435-b113-378e995fc18c,28,3,3,0,2025,2025-11-25,,2025-11-25 05:06:27.710122+00,2025-11-25 05:06:27.710122+00
0e95601b-d913-4bdf-b668-3439108b3a36,a9a5d17d-3c7c-4435-b113-378e995fc18c,87,1,1,0,2025,2025-11-25,,2025-11-25 05:06:27.710122+00,2025-11-25 05:06:27.710122+00
0f0348e4-668e-432a-9e70-7a0b22c32635,2c1769ec-018d-46e5-a052-78351dc59866,95,4,4,0,2025,2025-11-25,,2025-11-25 05:06:27.710122+00,2025-11-25 05:06:27.710122+00
0fc97fd1-4811-4306-9e5e-e0caf49552c7,a9a5d17d-3c7c-4435-b113-378e995fc18c,73,2,3,1,2025,2025-11-25,,2025-11-25 05:06:27.710122+00,2025-11-25 05:06:27.710122+00
1114a44a-d913-4b65-91cc-b4d2d0d53cba,2c1769ec-018d-46e5-a052-78351dc59866,104,1,1,0,2025,2025-11-25,,2025-11-25 05:06:27.710122+00,2025-11-25 05:06:27.710122+00
11a4b0cb-156c-4409-96bf-fb5c89d64232,a8473055-87c4-41ab-a306-9dd3a6e2fae5,98,3,3,0,2025,2025-11-25,,2025-11-25 05:06:27.710122+00,2025-11-25 05:06:27.710122+00
12c8b5e5-d0a3-4bd9-bbf3-f517e7b4ef8b,c43999b4-b8e0-488c-93e4-cdb250a8371b,77,1,1,0,2025,2025-11-25,,2025-11-25 05:06:27.710122+00,2025-11-25 05:06:27.710122+00
138aa5a0-b2fe-41a5-bcc7-d27656398ca4,4c480bfb-fea0-4e9f-8b22-5be8784fd3c8,96,1,1,0,2025,2025-11-25,,2025-11-25 05:06:27.710122+00,2025-11-25 05:06:27.710122+00
1397d562-cb7c-4f0f-8631-8b0fb5445283,a5a8f91e-db90-47e6-a3bf-23df178facde,28,1,3,2,2025,2025-11-25,,2025-11-25 05:06:27.710122+00,2025-11-25 05:06:27.710122+00
1426c5d3-482a-4b26-b48e-eac2ba88197b,c43999b4-b8e0-488c-93e4-cdb250a8371b,95,3,3,0,2025,2025-11-25,,2025-11-25 05:06:27.710122+00,2025-11-25 05:06:27.710122+00
161f6182-8294-41ea-a13b-a1dc17096bec,c43999b4-b8e0-488c-93e4-cdb250a8371b,70,2,3,1,2025,2025-11-25,,2025-11-25 05:06:27.710122+00,2025-11-25 05:06:27.710122+00
18d6cf17-08ec-4dc3-8738-be8891321499,8024e7b4-d63a-4b3f-96e2-4ea60381b552,76,4,4,0,2025,2025-11-25,,2025-11-25 05:06:27.710122+00,2025-11-25 05:06:27.710122+00
192f602f-9a75-42df-929f-b08cee4300c9,c43999b4-b8e0-488c-93e4-cdb250a8371b,73,4,4,0,2025,2025-11-25,,2025-11-25 05:06:27.710122+00,2025-11-25 05:06:27.710122+00
195dca34-8eda-4066-a177-58b2c856906c,3cd842c3-4413-4de2-85bb-95cf19e0682b,79,3,3,0,2025,2025-11-25,,2025-11-25 05:06:27.710122+00,2025-11-25 05:06:27.710122+00
1c240217-17a3-4b69-91ad-61f7a34d966a,58dc9e12-c4c5-47dc-b3a2-84da54a8c420,31,1,1,0,2025,2025-11-25,,2025-11-25 05:06:27.710122+00,2025-11-25 05:06:27.710122+00
1c7e9d9d-a18d-4829-b907-49fbcc2f56ee,c43999b4-b8e0-488c-93e4-cdb250a8371b,85,3,3,0,2025,2025-11-25,,2025-11-25 05:06:27.710122+00,2025-11-25 05:06:27.710122+00
1e155d92-4d20-485b-b900-ff6e474fe393,dbbcddfa-d223-4b15-9b22-a4db81272216,71,3,3,0,2025,2025-11-25,,2025-11-25 05:06:27.710122+00,2025-11-25 05:06:27.710122+00
1e98d2b1-3e7b-4763-8138-f36961f74bc2,4c480bfb-fea0-4e9f-8b22-5be8784fd3c8,74,1,1,0,2025,2025-11-25,,2025-11-25 05:06:27.710122+00,2025-11-25 05:06:27.710122+00
1f016ea8-7b0b-43ac-9ff2-dd9e5ec938c7,8024e7b4-d63a-4b3f-96e2-4ea60381b552,98,3,3,0,2025,2025-11-25,,2025-11-25 05:06:27.710122+00,2025-11-25 05:06:27.710122+00
1f8acb01-dec7-47ac-821c-7552a86bfd40,8024e7b4-d63a-4b3f-96e2-4ea60381b552,85,1,1,0,2025,2025-11-25,,2025-11-25 05:06:27.710122+00,2025-11-25 05:06:27.710122+00
1f90519d-d27d-4a2f-9f03-94f77dd339fb,58dc9e12-c4c5-47dc-b3a2-84da54a8c420,77,1,1,0,2025,2025-11-25,,2025-11-25 05:06:27.710122+00,2025-11-25 05:06:27.710122+00
1fe8c8d4-dd31-4b28-8192-c2a2407dc9a9,4c480bfb-fea0-4e9f-8b22-5be8784fd3c8,91,1,1,0,2025,2025-11-25,,2025-11-25 05:06:27.710122+00,2025-11-25 05:06:27.710122+00
20332e22-fa92-4752-99db-ff9446fd5ad6,4c480bfb-fea0-4e9f-8b22-5be8784fd3c8,86,2,2,0,2025,2025-11-25,,2025-11-25 05:06:27.710122+00,2025-11-25 05:06:27.710122+00
22aed184-6b80-42f9-a0c4-5a8b8b1fbd0d,4c480bfb-fea0-4e9f-8b22-5be8784fd3c8,70,2,2,0,2025,2025-11-25,,2025-11-25 05:06:27.710122+00,2025-11-25 05:06:27.710122+00
2306d01a-6de6-4335-85c4-946e1fa7bdc8,2c1769ec-018d-46e5-a052-78351dc59866,94,4,4,0,2025,2025-11-25,,2025-11-25 05:06:27.710122+00,2025-11-25 05:06:27.710122+00
235a6182-d8e0-480e-a8ff-e971cb54a2f3,e71fd1a1-e793-4f24-a327-c466f798c23a,89,1,1,0,2025,2025-11-25,,2025-11-25 05:06:27.710122+00,2025-11-25 05:06:27.710122+00
237cafe7-4acb-40f9-91c8-c2253da4e6e0,8024e7b4-d63a-4b3f-96e2-4ea60381b552,105,1,1,0,2025,2025-11-25,,2025-11-25 05:06:27.710122+00,2025-11-25 05:06:27.710122+00
2476545f-bfa5-4ac8-b535-c8a87304b68f,a5a8f91e-db90-47e6-a3bf-23df178facde,94,3,3,0,2025,2025-11-25,,2025-11-25 05:06:27.710122+00,2025-11-25 05:06:27.710122+00
247e2f20-0053-41d9-9fb1-6336ee96fa1d,dbbcddfa-d223-4b15-9b22-a4db81272216,73,3,3,0,2025,2025-11-25,,2025-11-25 05:06:27.710122+00,2025-11-25 05:06:27.710122+00
24a2c30e-56d1-43ff-9fd0-459d64bfa298,3cd842c3-4413-4de2-85bb-95cf19e0682b,97,3,4,1,2025,2025-11-25,,2025-11-25 05:06:27.710122+00,2025-11-25 05:06:27.710122+00
24f2a4a0-a297-49ba-8957-8b523e06bba8,4c480bfb-fea0-4e9f-8b22-5be8784fd3c8,75,2,2,0,2025,2025-11-25,,2025-11-25 05:06:27.710122+00,2025-11-25 05:06:27.710122+00
251b0315-0e91-42e7-96f6-47c5cbb4985f,e13482df-ea57-4e1a-8d76-120b0b8f6c91,31,2,2,0,2025,2025-11-25,,2025-11-25 05:06:27.710122+00,2025-11-25 05:06:27.710122+00
254eebfc-7ee6-4c52-8fb9-e60f3bb15ba3,c43999b4-b8e0-488c-93e4-cdb250a8371b,102,1,1,0,2025,2025-11-25,,2025-11-25 05:06:27.710122+00,2025-11-25 05:06:27.710122+00
25f329cb-9c3f-4382-b84e-75167f062cfa,dbbcddfa-d223-4b15-9b22-a4db81272216,107,1,1,0,2025,2025-11-25,,2025-11-25 05:06:27.710122+00,2025-11-25 05:06:27.710122+00
261177c5-04ef-465f-8583-f1f6044e979f,8203ff1b-04b8-4455-ac42-e55928c99b96,87,2,2,0,2025,2025-11-25,,2025-11-25 05:06:27.710122+00,2025-11-25 05:06:27.710122+00
26624043-cee7-4dc6-8d1e-c39199288f35,8024e7b4-d63a-4b3f-96e2-4ea60381b552,103,1,1,0,2025,2025-11-25,,2025-11-25 05:06:27.710122+00,2025-11-25 05:06:27.710122+00
26b598a0-0676-40af-b46a-d97875cab337,3cd842c3-4413-4de2-85bb-95cf19e0682b,98,1,1,0,2025,2025-11-25,,2025-11-25 05:06:27.710122+00,2025-11-25 05:06:27.710122+00
279b0969-7ab2-4b79-91a2-c2bae1919436,e71fd1a1-e793-4f24-a327-c466f798c23a,71,2,2,0,2025,2025-11-25,,2025-11-25 05:06:27.710122+00,2025-11-25 05:06:27.710122+00
28b35a0a-901f-48dd-b625-d836b9396b94,c43999b4-b8e0-488c-93e4-cdb250a8371b,100,2,2,0,2025,2025-11-25,,2025-11-25 05:06:27.710122+00,2025-11-25 05:06:27.710122+00
2970808f-a517-4354-a068-d1b4670708a7,e13482df-ea57-4e1a-8d76-120b0b8f6c91,98,1,1,0,2025,2025-11-25,,2025-11-25 05:06:27.710122+00,2025-11-25 05:06:27.710122+00
29d5092b-119d-4680-a411-b8d53d99de06,a8473055-87c4-41ab-a306-9dd3a6e2fae5,80,1,2,1,2025,2025-11-25,,2025-11-25 05:06:27.710122+00,2025-11-25 05:06:27.710122+00
2a633163-1588-471b-b17e-ab7fb638718e,8024e7b4-d63a-4b3f-96e2-4ea60381b552,91,1,1,0,2025,2025-11-25,,2025-11-25 05:06:27.710122+00,2025-11-25 05:06:27.710122+00
2a8ff00d-4ea2-42fd-824e-e7c2f78f4900,2c1769ec-018d-46e5-a052-78351dc59866,96,3,3,0,2025,2025-11-25,,2025-11-25 05:06:27.710122+00,2025-11-25 05:06:27.710122+00
2abd74c0-12e4-4589-b381-f107eb49b666,a5a8f91e-db90-47e6-a3bf-23df178facde,93,4,4,0,2025,2025-11-25,,2025-11-25 05:06:27.710122+00,2025-11-25 05:06:27.710122+00
2ac19902-0c8b-473b-bbd1-a4f9fb59f9f7,a8473055-87c4-41ab-a306-9dd3a6e2fae5,77,1,1,0,2025,2025-11-25,,2025-11-25 05:06:27.710122+00,2025-11-25 05:06:27.710122+00
2adf8d4f-b282-4577-9f75-3a47dbedc209,d1dfbfb9-be80-4387-9354-d7300d33c67f,106,2,3,1,2025,2025-11-25,,2025-11-25 05:06:27.710122+00,2025-11-25 05:06:27.710122+00
2c19cb23-1ac2-4036-9ede-14a79290bebf,4c480bfb-fea0-4e9f-8b22-5be8784fd3c8,73,3,3,0,2025,2025-11-25,,2025-11-25 05:06:27.710122+00,2025-11-25 05:06:27.710122+00
2dc6305b-0469-4a2c-a983-509d086f0454,8203ff1b-04b8-4455-ac42-e55928c99b96,31,1,2,1,2025,2025-11-25,,2025-11-25 05:06:27.710122+00,2025-11-25 05:06:27.710122+00
2ff0239b-6b4f-4091-b6e8-0b4cb46ea37e,4c480bfb-fea0-4e9f-8b22-5be8784fd3c8,89,1,1,0,2025,2025-11-25,,2025-11-25 05:06:27.710122+00,2025-11-25 05:06:27.710122+00
310b8df3-0b4a-4203-8cc8-9ff7f58fce9f,8203ff1b-04b8-4455-ac42-e55928c99b96,106,1,2,1,2025,2025-11-25,,2025-11-25 05:06:27.710122+00,2025-11-25 05:06:27.710122+00
3145cd9b-2486-4df7-9bf6-0ddec8e2aa9b,d1dfbfb9-be80-4387-9354-d7300d33c67f,83,2,2,0,2025,2025-11-25,,2025-11-25 05:06:27.710122+00,2025-11-25 05:06:27.710122+00
31b5ad90-4038-463c-8db6-2c673fd89de8,2c1769ec-018d-46e5-a052-78351dc59866,102,1,1,0,2025,2025-11-25,,2025-11-25 05:06:27.710122+00,2025-11-25 05:06:27.710122+00
3488f598-042a-473b-a450-a35ec398eeb7,e71fd1a1-e793-4f24-a327-c466f798c23a,84,1,1,0,2025,2025-11-25,,2025-11-25 05:06:27.710122+00,2025-11-25 05:06:27.710122+00
35c6f780-3b2b-49c9-984e-caed4db11e8c,2c1769ec-018d-46e5-a052-78351dc59866,101,1,1,0,2025,2025-11-25,,2025-11-25 05:06:27.710122+00,2025-11-25 05:06:27.710122+00
35d6cd11-3590-4d2f-b370-63bb6827c47b,3cd842c3-4413-4de2-85bb-95cf19e0682b,76,2,2,0,2025,2025-11-25,,2025-11-25 05:06:27.710122+00,2025-11-25 05:06:27.710122+00
3672d037-6613-42b5-8b37-a2cfbe45e181,c43999b4-b8e0-488c-93e4-cdb250a8371b,90,1,1,0,2025,2025-11-25,,2025-11-25 05:06:27.710122+00,2025-11-25 05:06:27.710122+00
37db6a9e-0795-40d6-9331-3f68672f64ec,d1dfbfb9-be80-4387-9354-d7300d33c67f,86,1,2,1,2025,2025-11-25,,2025-11-25 05:06:27.710122+00,2025-11-25 05:06:27.710122+00
3887bbf7-be5e-4547-9445-294c16e3b95e,dbbcddfa-d223-4b15-9b22-a4db81272216,31,1,1,0,2025,2025-11-25,,2025-11-25 05:06:27.710122+00,2025-11-25 05:06:27.710122+00
3919f4f3-bf23-41e0-99ec-48a674f43cd5,d1dfbfb9-be80-4387-9354-d7300d33c67f,96,3,3,0,2025,2025-11-25,,2025-11-25 05:06:27.710122+00,2025-11-25 05:06:27.710122+00
395e9118-ef06-4a8c-a3fc-52aa7cf5dc6d,e095f230-6434-44ba-a9f5-061ed19b780b,98,1,1,0,2025,2025-11-25,,2025-11-25 05:06:27.710122+00,2025-11-25 05:06:27.710122+00
39dc979c-5ec6-4140-8d74-7c9b7334cb25,d1dfbfb9-be80-4387-9354-d7300d33c67f,70,1,1,0,2025,2025-11-25,,2025-11-25 05:06:27.710122+00,2025-11-25 05:06:27.710122+00
3a7037b5-fc4e-4ea4-929b-f45e1c47a37f,e71fd1a1-e793-4f24-a327-c466f798c23a,79,3,3,0,2025,2025-11-25,,2025-11-25 05:06:27.710122+00,2025-11-25 05:06:27.710122+00
3c08b9c9-7c1c-4d85-95d2-00701586d165,8203ff1b-04b8-4455-ac42-e55928c99b96,73,2,2,0,2025,2025-11-25,,2025-11-25 05:06:27.710122+00,2025-11-25 05:06:27.710122+00
3c28eab6-8e5c-4eab-9b5a-0b197f12ea84,8024e7b4-d63a-4b3f-96e2-4ea60381b552,99,3,3,0,2025,2025-11-25,,2025-11-25 05:06:27.710122+00,2025-11-25 05:06:27.710122+00
3c56b527-a7cc-46ab-9a2d-6b760dd3dd8c,58dc9e12-c4c5-47dc-b3a2-84da54a8c420,87,3,3,0,2025,2025-11-25,,2025-11-25 05:06:27.710122+00,2025-11-25 05:06:27.710122+00
3cede2d5-d4b1-409a-9c51-d3c83e89172b,2c1769ec-018d-46e5-a052-78351dc59866,31,3,3,0,2025,2025-11-25,,2025-11-25 05:06:27.710122+00,2025-11-25 05:06:27.710122+00
3e505c5d-f15d-4fa1-87dd-f0c61b017306,8024e7b4-d63a-4b3f-96e2-4ea60381b552,96,3,3,0,2025,2025-11-25,,2025-11-25 05:06:27.710122+00,2025-11-25 05:06:27.710122+00
4000da04-6f4a-4618-a0f0-7c0eff4b7dd6,e71fd1a1-e793-4f24-a327-c466f798c23a,83,1,1,0,2025,2025-11-25,,2025-11-25 05:06:27.710122+00,2025-11-25 05:06:27.710122+00
40362719-3623-43c1-90b2-89fa0d8d3578,c43999b4-b8e0-488c-93e4-cdb250a8371b,28,2,3,1,2025,2025-11-25,,2025-11-25 05:06:27.710122+00,2025-11-25 05:06:27.710122+00
40d2de5d-d206-49f2-a0ba-f2c455cc0239,4c480bfb-fea0-4e9f-8b22-5be8784fd3c8,88,2,2,0,2025,2025-11-25,,2025-11-25 05:06:27.710122+00,2025-11-25 05:06:27.710122+00
40e0bfbe-7da2-42eb-a9de-c8e5efd41a26,2c1769ec-018d-46e5-a052-78351dc59866,74,1,1,0,2025,2025-11-25,,2025-11-25 05:06:27.710122+00,2025-11-25 05:06:27.710122+00
41342b01-b086-4f25-8652-e86c229290b7,a5a8f91e-db90-47e6-a3bf-23df178facde,82,1,1,0,2025,2025-11-25,,2025-11-25 05:06:27.710122+00,2025-11-25 05:06:27.710122+00
414a1c00-6848-4719-bd80-d399cc351dc5,4c480bfb-fea0-4e9f-8b22-5be8784fd3c8,76,2,2,0,2025,2025-11-25,,2025-11-25 05:06:27.710122+00,2025-11-25 05:06:27.710122+00
4231c6eb-d6c0-4037-942b-8a5fa9cad447,e71fd1a1-e793-4f24-a327-c466f798c23a,100,1,1,0,2025,2025-11-25,,2025-11-25 05:06:27.710122+00,2025-11-25 05:06:27.710122+00
42ce1dff-aacf-41c6-8b15-27e8f2a26bfc,3cd842c3-4413-4de2-85bb-95cf19e0682b,80,3,3,0,2025,2025-11-25,,2025-11-25 05:06:27.710122+00,2025-11-25 05:06:27.710122+00
42ef298a-fc79-4436-ae7f-c6aca3eaf7fb,d1dfbfb9-be80-4387-9354-d7300d33c67f,102,1,1,0,2025,2025-11-25,,2025-11-25 05:06:27.710122+00,2025-11-25 05:06:27.710122+00
4342b70d-db46-4a37-a1ae-4b70347a09a4,3cd842c3-4413-4de2-85bb-95cf19e0682b,95,3,3,0,2025,2025-11-25,,2025-11-25 05:06:27.710122+00,2025-11-25 05:06:27.710122+00
439fc695-fe48-473d-82f8-33bfb12b152b,58dc9e12-c4c5-47dc-b3a2-84da54a8c420,98,3,3,0,2025,2025-11-25,,2025-11-25 05:06:27.710122+00,2025-11-25 05:06:27.710122+00
43ac04ae-d359-4477-ab27-cabfe9b1ed83,dbbcddfa-d223-4b15-9b22-a4db81272216,99,3,3,0,2025,2025-11-25,,2025-11-25 05:06:27.710122+00,2025-11-25 05:06:27.710122+00
44e1adf6-2b9d-4f1a-8c7c-ee5213cedd2f,e095f230-6434-44ba-a9f5-061ed19b780b,73,3,3,0,2025,2025-11-25,,2025-11-25 05:06:27.710122+00,2025-11-25 05:06:27.710122+00
450a9a96-136c-489a-93ce-8444a8246c18,a5a8f91e-db90-47e6-a3bf-23df178facde,105,3,3,0,2025,2025-11-25,,2025-11-25 05:06:27.710122+00,2025-11-25 05:06:27.710122+00
45da1823-eccc-4a3d-a032-786b8201bd22,58dc9e12-c4c5-47dc-b3a2-84da54a8c420,71,2,2,0,2025,2025-11-25,,2025-11-25 05:06:27.710122+00,2025-11-25 05:06:27.710122+00
4734c308-3c92-4f2d-8eda-7668864b3c3a,dbbcddfa-d223-4b15-9b22-a4db81272216,93,2,2,0,2025,2025-11-25,,2025-11-25 05:06:27.710122+00,2025-11-25 05:06:27.710122+00
475bf45a-f1e7-4ed6-b06d-f320a95bd7b8,d1dfbfb9-be80-4387-9354-d7300d33c67f,103,1,1,0,2025,2025-11-25,,2025-11-25 05:06:27.710122+00,2025-11-25 05:06:27.710122+00
47ed20d1-331e-491a-ad55-d9c45ae035d9,58dc9e12-c4c5-47dc-b3a2-84da54a8c420,93,1,1,0,2025,2025-11-25,,2025-11-25 05:06:27.710122+00,2025-11-25 05:06:27.710122+00
49a20c6a-c9aa-49f8-b0bb-d7e6abb1fa2e,e095f230-6434-44ba-a9f5-061ed19b780b,28,2,2,0,2025,2025-11-25,,2025-11-25 05:06:27.710122+00,2025-11-25 05:06:27.710122+00
4a431b0a-2931-469d-ae05-b2c771ee3e55,3cd842c3-4413-4de2-85bb-95cf19e0682b,96,1,1,0,2025,2025-11-25,,2025-11-25 05:06:27.710122+00,2025-11-25 05:06:27.710122+00
4a4ef857-56ea-4e39-a6e7-6fcd1d2ce1ea,8024e7b4-d63a-4b3f-96e2-4ea60381b552,93,2,2,0,2025,2025-11-25,,2025-11-25 05:06:27.710122+00,2025-11-25 05:06:27.710122+00
4ac4612c-43e8-4dd7-85c3-a5fc53e649f7,2c1769ec-018d-46e5-a052-78351dc59866,75,1,1,0,2025,2025-11-25,,2025-11-25 05:06:27.710122+00,2025-11-25 05:06:27.710122+00
4b0a0a9e-b8c3-41ef-b30c-ad1f919bcf01,a5a8f91e-db90-47e6-a3bf-23df178facde,102,4,4,0,2025,2025-11-25,,2025-11-25 05:06:27.710122+00,2025-11-25 05:06:27.710122+00
4c3a15e5-0757-4d44-af91-3a4b91e2977d,dbbcddfa-d223-4b15-9b22-a4db81272216,74,1,1,0,2025,2025-11-25,,2025-11-25 05:06:27.710122+00,2025-11-25 05:06:27.710122+00
4e0f5d99-92d3-49c2-b4cf-805bee52dbbb,8024e7b4-d63a-4b3f-96e2-4ea60381b552,74,4,4,0,2025,2025-11-25,,2025-11-25 05:06:27.710122+00,2025-11-25 05:06:27.710122+00
4e7d381b-9aa3-4ba6-98cf-7f06c73f1308,4c480bfb-fea0-4e9f-8b22-5be8784fd3c8,87,1,1,0,2025,2025-11-25,,2025-11-25 05:06:27.710122+00,2025-11-25 05:06:27.710122+00
5142b1dd-2ad3-4866-8738-8ef8441aa29d,58dc9e12-c4c5-47dc-b3a2-84da54a8c420,76,1,1,0,2025,2025-11-25,,2025-11-25 05:06:27.710122+00,2025-11-25 05:06:27.710122+00
5179f18f-5b90-49e2-884a-c7241bf3d52d,4c480bfb-fea0-4e9f-8b22-5be8784fd3c8,28,2,2,0,2025,2025-11-25,,2025-11-25 05:06:27.710122+00,2025-11-25 05:06:27.710122+00
529d0dbf-babb-4ebb-8994-227dbfb422ac,c43999b4-b8e0-488c-93e4-cdb250a8371b,92,1,1,0,2025,2025-11-25,,2025-11-25 05:06:27.710122+00,2025-11-25 05:06:27.710122+00
52abfe4a-d3b0-45eb-b431-c7b43abb5496,4c480bfb-fea0-4e9f-8b22-5be8784fd3c8,79,3,3,0,2025,2025-11-25,,2025-11-25 05:06:27.710122+00,2025-11-25 05:06:27.710122+00
53432e2c-3d0d-455f-a10b-e0c7c18efd8a,a9a5d17d-3c7c-4435-b113-378e995fc18c,70,2,2,0,2025,2025-11-25,,2025-11-25 05:06:27.710122+00,2025-11-25 05:06:27.710122+00
55c2297a-e23c-4eb0-8b46-5007a3b97b52,e13482df-ea57-4e1a-8d76-120b0b8f6c91,85,1,1,0,2025,2025-11-25,,2025-11-25 05:06:27.710122+00,2025-11-25 05:06:27.710122+00
566f8cf5-407a-4e32-97c1-48448802de31,c43999b4-b8e0-488c-93e4-cdb250a8371b,98,3,3,0,2025,2025-11-25,,2025-11-25 05:06:27.710122+00,2025-11-25 05:06:27.710122+00
56b1e850-716e-42eb-966a-7226d280e1f1,2c1769ec-018d-46e5-a052-78351dc59866,76,2,2,0,2025,2025-11-25,,2025-11-25 05:06:27.710122+00,2025-11-25 05:06:27.710122+00
56ffb058-af84-4204-a75f-b293e9249a76,a5a8f91e-db90-47e6-a3bf-23df178facde,86,1,1,0,2025,2025-11-25,,2025-11-25 05:06:27.710122+00,2025-11-25 05:06:27.710122+00
576efba2-4b67-4644-8fdf-405825c989ae,a9a5d17d-3c7c-4435-b113-378e995fc18c,93,1,1,0,2025,2025-11-25,,2025-11-25 05:06:27.710122+00,2025-11-25 05:06:27.710122+00
5839ba47-360b-487d-b460-e1d4d90e0f75,8203ff1b-04b8-4455-ac42-e55928c99b96,107,1,1,0,2025,2025-11-25,,2025-11-25 05:06:27.710122+00,2025-11-25 05:06:27.710122+00
5947de40-80e1-478c-a753-068a88115fdd,4c480bfb-fea0-4e9f-8b22-5be8784fd3c8,100,1,1,0,2025,2025-11-25,,2025-11-25 05:06:27.710122+00,2025-11-25 05:06:27.710122+00
59fac94b-9e79-47f2-861f-01a11d3644aa,e71fd1a1-e793-4f24-a327-c466f798c23a,91,1,1,0,2025,2025-11-25,,2025-11-25 05:06:27.710122+00,2025-11-25 05:06:27.710122+00
5a4304d3-65b6-407d-950d-999c03d28ae8,e13482df-ea57-4e1a-8d76-120b0b8f6c91,103,1,1,0,2025,2025-11-25,,2025-11-25 05:06:27.710122+00,2025-11-25 05:06:27.710122+00
5b4b7c74-857a-4ecd-b1a8-8d1ae4ea83b1,a9a5d17d-3c7c-4435-b113-378e995fc18c,80,3,3,0,2025,2025-11-25,,2025-11-25 05:06:27.710122+00,2025-11-25 05:06:27.710122+00
5bfe2035-270a-4965-acc6-ff470d82581c,58dc9e12-c4c5-47dc-b3a2-84da54a8c420,107,1,1,0,2025,2025-11-25,,2025-11-25 05:06:27.710122+00,2025-11-25 05:06:27.710122+00
5d4e7ed5-8fdf-45ae-8380-894fe17f5d7a,8203ff1b-04b8-4455-ac42-e55928c99b96,99,1,1,0,2025,2025-11-25,,2025-11-25 05:06:27.710122+00,2025-11-25 05:06:27.710122+00
5d50894e-398c-4164-86b1-0433c3836ed8,2c1769ec-018d-46e5-a052-78351dc59866,87,3,3,0,2025,2025-11-25,,2025-11-25 05:06:27.710122+00,2025-11-25 05:06:27.710122+00
5e5463dc-6437-4ce5-825d-861189e37667,a8473055-87c4-41ab-a306-9dd3a6e2fae5,73,3,3,0,2025,2025-11-25,,2025-11-25 05:06:27.710122+00,2025-11-25 05:06:27.710122+00
5fb90b9b-753b-4f31-9e3f-27bfc8dcb2af,e71fd1a1-e793-4f24-a327-c466f798c23a,82,1,1,0,2025,2025-11-25,,2025-11-25 05:06:27.710122+00,2025-11-25 05:06:27.710122+00
5ff9526a-0aad-4ceb-972e-bd4821ea58b2,e13482df-ea57-4e1a-8d76-120b0b8f6c91,107,1,1,0,2025,2025-11-25,,2025-11-25 05:06:27.710122+00,2025-11-25 05:06:27.710122+00
60730d73-4e75-4024-b838-117920d7857b,3cd842c3-4413-4de2-85bb-95cf19e0682b,83,3,3,0,2025,2025-11-25,,2025-11-25 05:06:27.710122+00,2025-11-25 05:06:27.710122+00
616d9ab5-fc1c-4abb-9475-9193c7a94606,2c1769ec-018d-46e5-a052-78351dc59866,93,2,2,0,2025,2025-11-25,,2025-11-25 05:06:27.710122+00,2025-11-25 05:06:27.710122+00
61d1f15b-d641-4a09-8fa7-310e0aaa2553,a8473055-87c4-41ab-a306-9dd3a6e2fae5,86,1,2,1,2025,2025-11-25,,2025-11-25 05:06:27.710122+00,2025-11-25 05:06:27.710122+00
633af4c1-c920-4907-98b7-4fda21807984,a9a5d17d-3c7c-4435-b113-378e995fc18c,106,1,2,1,2025,2025-11-25,,2025-11-25 05:06:27.710122+00,2025-11-25 05:06:27.710122+00
66372c4d-9222-4a03-8c70-687d09c17342,2c1769ec-018d-46e5-a052-78351dc59866,85,2,3,1,2025,2025-11-25,,2025-11-25 05:06:27.710122+00,2025-11-25 05:06:27.710122+00
6803b70d-4792-47a8-ba92-1309da5dcf93,58dc9e12-c4c5-47dc-b3a2-84da54a8c420,28,1,2,1,2025,2025-11-25,,2025-11-25 05:06:27.710122+00,2025-11-25 05:06:27.710122+00
6912d18b-8635-4363-b8a8-f0f27e57f074,8203ff1b-04b8-4455-ac42-e55928c99b96,95,2,2,0,2025,2025-11-25,,2025-11-25 05:06:27.710122+00,2025-11-25 05:06:27.710122+00
6934d7d2-6d33-40db-bfcc-409acc4ca1fa,4c480bfb-fea0-4e9f-8b22-5be8784fd3c8,93,1,1,0,2025,2025-11-25,,2025-11-25 05:06:27.710122+00,2025-11-25 05:06:27.710122+00
6ad49d8b-7faa-4e18-ab6c-c9e6059ead0d,58dc9e12-c4c5-47dc-b3a2-84da54a8c420,99,3,3,0,2025,2025-11-25,,2025-11-25 05:06:27.710122+00,2025-11-25 05:06:27.710122+00
6b68efdd-9d1b-43ee-ba66-9f8f69792d79,8203ff1b-04b8-4455-ac42-e55928c99b96,28,2,2,0,2025,2025-11-25,,2025-11-25 05:06:27.710122+00,2025-11-25 05:06:27.710122+00
6c1fe5d8-5e17-4abc-9a0f-0608459cc451,e71fd1a1-e793-4f24-a327-c466f798c23a,74,2,2,0,2025,2025-11-25,,2025-11-25 05:06:27.710122+00,2025-11-25 05:06:27.710122+00
6caed7c3-b2a0-4c1e-af4c-3e351e2accaa,dbbcddfa-d223-4b15-9b22-a4db81272216,83,1,1,0,2025,2025-11-25,,2025-11-25 05:06:27.710122+00,2025-11-25 05:06:27.710122+00
6d6615fe-509c-49c2-82a0-846a182ea2c0,dbbcddfa-d223-4b15-9b22-a4db81272216,86,1,1,0,2025,2025-11-25,,2025-11-25 05:06:27.710122+00,2025-11-25 05:06:27.710122+00
6d734c9f-7bfc-4873-a1b7-5c6bfe44a334,58dc9e12-c4c5-47dc-b3a2-84da54a8c420,83,2,3,1,2025,2025-11-25,,2025-11-25 05:06:27.710122+00,2025-11-25 05:06:27.710122+00
6e2f919b-5f9c-4560-b74e-634bbcc6caff,8203ff1b-04b8-4455-ac42-e55928c99b96,85,1,1,0,2025,2025-11-25,,2025-11-25 05:06:27.710122+00,2025-11-25 05:06:27.710122+00
6f1ac377-97bc-4b79-a3cb-f83dbc5bfa19,a9a5d17d-3c7c-4435-b113-378e995fc18c,83,2,2,0,2025,2025-11-25,,2025-11-25 05:06:27.710122+00,2025-11-25 05:06:27.710122+00
6f279f31-a4e2-48d4-8e4f-c765cae3bac1,8203ff1b-04b8-4455-ac42-e55928c99b96,70,2,2,0,2025,2025-11-25,,2025-11-25 05:06:27.710122+00,2025-11-25 05:06:27.710122+00
6f960538-7cf6-4f16-8dd4-051835d4f013,a9a5d17d-3c7c-4435-b113-378e995fc18c,76,2,2,0,2025,2025-11-25,,2025-11-25 05:06:27.710122+00,2025-11-25 05:06:27.710122+00
71cced16-cae1-40f5-88c1-32c7700009be,8024e7b4-d63a-4b3f-96e2-4ea60381b552,94,1,1,0,2025,2025-11-25,,2025-11-25 05:06:27.710122+00,2025-11-25 05:06:27.710122+00
72ee1de9-125f-4845-9b80-234975088cbd,c43999b4-b8e0-488c-93e4-cdb250a8371b,75,1,1,0,2025,2025-11-25,,2025-11-25 05:06:27.710122+00,2025-11-25 05:06:27.710122+00
744f2a86-767b-4982-bed1-a424d3be8fc8,e095f230-6434-44ba-a9f5-061ed19b780b,96,3,3,0,2025,2025-11-25,,2025-11-25 05:06:27.710122+00,2025-11-25 05:06:27.710122+00
74f88569-1ad7-4e25-8b14-ec576bf2abdf,8024e7b4-d63a-4b3f-96e2-4ea60381b552,79,1,2,1,2025,2025-11-25,,2025-11-25 05:06:27.710122+00,2025-11-25 05:06:27.710122+00
7576d58b-b621-4725-af8a-3c7157c13b6e,e71fd1a1-e793-4f24-a327-c466f798c23a,31,2,2,0,2025,2025-11-25,,2025-11-25 05:06:27.710122+00,2025-11-25 05:06:27.710122+00
75aa53f2-4046-47d3-a863-eedfb33e4722,4c480bfb-fea0-4e9f-8b22-5be8784fd3c8,85,2,2,0,2025,2025-11-25,,2025-11-25 05:06:27.710122+00,2025-11-25 05:06:27.710122+00
76397bb9-37ae-4e6a-a4de-8ebf4f644218,c43999b4-b8e0-488c-93e4-cdb250a8371b,31,1,1,0,2025,2025-11-25,,2025-11-25 05:06:27.710122+00,2025-11-25 05:06:27.710122+00
770a670f-032b-4bc3-b053-68e0876bb405,dbbcddfa-d223-4b15-9b22-a4db81272216,106,2,2,0,2025,2025-11-25,,2025-11-25 05:06:27.710122+00,2025-11-25 05:06:27.710122+00
773152a6-b2b8-4fef-b019-20148be93a5e,e13482df-ea57-4e1a-8d76-120b0b8f6c91,99,2,2,0,2025,2025-11-25,,2025-11-25 05:06:27.710122+00,2025-11-25 05:06:27.710122+00
7758a188-bd19-431f-bf3c-c5bd26b8a903,a9a5d17d-3c7c-4435-b113-378e995fc18c,97,1,1,0,2025,2025-11-25,,2025-11-25 05:06:27.710122+00,2025-11-25 05:06:27.710122+00
785135d6-e3fa-4363-aa7b-12799a3b26c3,8203ff1b-04b8-4455-ac42-e55928c99b96,93,2,2,0,2025,2025-11-25,,2025-11-25 05:06:27.710122+00,2025-11-25 05:06:27.710122+00
78f73098-0a47-4397-8841-4d5b02862bce,d1dfbfb9-be80-4387-9354-d7300d33c67f,95,2,3,1,2025,2025-11-25,,2025-11-25 05:06:27.710122+00,2025-11-25 05:06:27.710122+00
79287555-8d5e-4803-b944-c8939a73620e,2c1769ec-018d-46e5-a052-78351dc59866,98,3,3,0,2025,2025-11-25,,2025-11-25 05:06:27.710122+00,2025-11-25 05:06:27.710122+00
7935d420-c224-4782-aeb9-50891526e6a4,d6c46d66-366e-4d4b-8ea5-64d1170bca6b,28,1,2,1,2025,2025-11-25,,2025-11-25 05:06:27.710122+00,2025-11-25 05:06:27.710122+00
7a85d7d0-133e-414e-93f6-fec9a94906fb,8024e7b4-d63a-4b3f-96e2-4ea60381b552,100,3,3,0,2025,2025-11-25,,2025-11-25 05:06:27.710122+00,2025-11-25 05:06:27.710122+00
7b58fa8b-42f0-4ec1-9796-2652137cf978,8203ff1b-04b8-4455-ac42-e55928c99b96,83,2,3,1,2025,2025-11-25,,2025-11-25 05:06:27.710122+00,2025-11-25 05:06:27.710122+00
7c9005c8-a47c-4e2e-aa83-28e3880d7164,e71fd1a1-e793-4f24-a327-c466f798c23a,73,3,3,0,2025,2025-11-25,,2025-11-25 05:06:27.710122+00,2025-11-25 05:06:27.710122+00
7cbdae06-4a5d-4d7d-8ec1-9b1056530138,e13482df-ea57-4e1a-8d76-120b0b8f6c91,93,2,4,2,2025,2025-11-25,,2025-11-25 05:06:27.710122+00,2025-11-25 05:06:27.710122+00
7d04189d-e5aa-4bf0-a0a0-72ece9baf5b2,c43999b4-b8e0-488c-93e4-cdb250a8371b,93,4,4,0,2025,2025-11-25,,2025-11-25 05:06:27.710122+00,2025-11-25 05:06:27.710122+00
7e94713d-46fe-452d-8ae5-2b49250212a9,1c126e0f-a118-4a00-b983-fef36df9e86c,83,2,2,0,2025,2025-11-25,,2025-11-25 05:06:27.710122+00,2025-11-25 05:06:27.710122+00
7f14995c-3489-4848-b328-11099cddbb36,dbbcddfa-d223-4b15-9b22-a4db81272216,91,2,3,1,2025,2025-11-25,,2025-11-25 05:06:27.710122+00,2025-11-25 05:06:27.710122+00
7fccdf24-d5ef-4d8f-8037-cffdc8422f1f,2c1769ec-018d-46e5-a052-78351dc59866,86,3,3,0,2025,2025-11-25,,2025-11-25 05:06:27.710122+00,2025-11-25 05:06:27.710122+00
7fd56a25-7ecf-4a85-a501-803e23a31c74,a8473055-87c4-41ab-a306-9dd3a6e2fae5,97,2,2,0,2025,2025-11-25,,2025-11-25 05:06:27.710122+00,2025-11-25 05:06:27.710122+00
800fa963-b124-4d53-8a71-25107c053fe0,3cd842c3-4413-4de2-85bb-95cf19e0682b,104,2,2,0,2025,2025-11-25,,2025-11-25 05:06:27.710122+00,2025-11-25 05:06:27.710122+00
80c35227-8c49-4110-97c1-aec59adb94f3,8203ff1b-04b8-4455-ac42-e55928c99b96,76,1,1,0,2025,2025-11-25,,2025-11-25 05:06:27.710122+00,2025-11-25 05:06:27.710122+00
8219899a-5390-42ac-8e8f-44c4564a1237,dbbcddfa-d223-4b15-9b22-a4db81272216,96,3,3,0,2025,2025-11-25,,2025-11-25 05:06:27.710122+00,2025-11-25 05:06:27.710122+00
8229e924-9026-47a2-a873-219c1d139077,2c1769ec-018d-46e5-a052-78351dc59866,90,1,1,0,2025,2025-11-25,,2025-11-25 05:06:27.710122+00,2025-11-25 05:06:27.710122+00
822a7fbd-3507-46d6-9e1d-0f75270a9c8f,dbbcddfa-d223-4b15-9b22-a4db81272216,89,3,3,0,2025,2025-11-25,,2025-11-25 05:06:27.710122+00,2025-11-25 05:06:27.710122+00
826b5179-8304-4262-a585-d8808bfb6a6b,e13482df-ea57-4e1a-8d76-120b0b8f6c91,95,2,3,1,2025,2025-11-25,,2025-11-25 05:06:27.710122+00,2025-11-25 05:06:27.710122+00
8289f673-c0b3-4aa9-b04e-fc8f083c41ee,a9a5d17d-3c7c-4435-b113-378e995fc18c,77,2,2,0,2025,2025-11-25,,2025-11-25 05:06:27.710122+00,2025-11-25 05:06:27.710122+00
84ceab95-b1af-4c93-a208-17a59ca80ef9,e71fd1a1-e793-4f24-a327-c466f798c23a,98,3,3,0,2025,2025-11-25,,2025-11-25 05:06:27.710122+00,2025-11-25 05:06:27.710122+00
859fe259-9615-48d1-9b82-2607acea00aa,a5a8f91e-db90-47e6-a3bf-23df178facde,99,1,1,0,2025,2025-11-25,,2025-11-25 05:06:27.710122+00,2025-11-25 05:06:27.710122+00
85b5427f-5ab3-454b-a04b-b252b9bd20a1,3cd842c3-4413-4de2-85bb-95cf19e0682b,86,3,3,0,2025,2025-11-25,,2025-11-25 05:06:27.710122+00,2025-11-25 05:06:27.710122+00
86a9824b-8572-4451-bbc5-ec622ffec740,a5a8f91e-db90-47e6-a3bf-23df178facde,71,2,2,0,2025,2025-11-25,,2025-11-25 05:06:27.710122+00,2025-11-25 05:06:27.710122+00
8879c09d-3b91-490d-8815-26ee5772fb0d,e095f230-6434-44ba-a9f5-061ed19b780b,85,2,3,1,2025,2025-11-25,,2025-11-25 05:06:27.710122+00,2025-11-25 05:06:27.710122+00
89ccd109-1c63-4dd3-8d3c-8be091c376f6,8203ff1b-04b8-4455-ac42-e55928c99b96,80,1,1,0,2025,2025-11-25,,2025-11-25 05:06:27.710122+00,2025-11-25 05:06:27.710122+00
89eee699-ced3-4d58-bc5f-771cede65485,a8473055-87c4-41ab-a306-9dd3a6e2fae5,70,3,3,0,2025,2025-11-25,,2025-11-25 05:06:27.710122+00,2025-11-25 05:06:27.710122+00
8b9914d7-250f-4828-a72a-f842c44f8a77,58dc9e12-c4c5-47dc-b3a2-84da54a8c420,70,2,2,0,2025,2025-11-25,,2025-11-25 05:06:27.710122+00,2025-11-25 05:06:27.710122+00
8c559a75-6e3c-4376-a2d0-2b46276fb4f0,d1dfbfb9-be80-4387-9354-d7300d33c67f,73,3,3,0,2025,2025-11-25,,2025-11-25 05:06:27.710122+00,2025-11-25 05:06:27.710122+00
8d136045-9496-4784-9e1a-403ed00ab1c4,4c480bfb-fea0-4e9f-8b22-5be8784fd3c8,98,1,1,0,2025,2025-11-25,,2025-11-25 05:06:27.710122+00,2025-11-25 05:06:27.710122+00
8d23968d-b08c-4171-acd0-fb23a6df05ac,a5a8f91e-db90-47e6-a3bf-23df178facde,104,4,4,0,2025,2025-11-25,,2025-11-25 05:06:27.710122+00,2025-11-25 05:06:27.710122+00
8d7d89c5-31ef-4a1c-9da3-9474595e8ae5,8203ff1b-04b8-4455-ac42-e55928c99b96,86,1,1,0,2025,2025-11-25,,2025-11-25 05:06:27.710122+00,2025-11-25 05:06:27.710122+00
8dab6b8f-360a-4007-8cd9-17ffff451b10,3cd842c3-4413-4de2-85bb-95cf19e0682b,71,2,2,0,2025,2025-11-25,,2025-11-25 05:06:27.710122+00,2025-11-25 05:06:27.710122+00
8dc8bf3b-5dbe-4ded-ac17-7b7692a95535,e095f230-6434-44ba-a9f5-061ed19b780b,93,1,2,1,2025,2025-11-25,,2025-11-25 05:06:27.710122+00,2025-11-25 05:06:27.710122+00
8e12b0b4-7802-4e84-b811-b5243628f731,c43999b4-b8e0-488c-93e4-cdb250a8371b,76,1,1,0,2025,2025-11-25,,2025-11-25 05:06:27.710122+00,2025-11-25 05:06:27.710122+00
8efcd2e8-e70e-4b06-af07-1eea45dcfcf3,c43999b4-b8e0-488c-93e4-cdb250a8371b,94,3,3,0,2025,2025-11-25,,2025-11-25 05:06:27.710122+00,2025-11-25 05:06:27.710122+00
8f8d62c9-8066-495e-b9fe-707f6e12fba5,8024e7b4-d63a-4b3f-96e2-4ea60381b552,31,3,4,1,2025,2025-11-25,,2025-11-25 05:06:27.710122+00,2025-11-25 05:06:27.710122+00
91f4f391-bfd1-40a9-a0c9-7e113c988d51,a5a8f91e-db90-47e6-a3bf-23df178facde,70,3,3,0,2025,2025-11-25,,2025-11-25 05:06:27.710122+00,2025-11-25 05:06:27.710122+00
936296fe-5a8c-459f-bbde-03c362578650,4c480bfb-fea0-4e9f-8b22-5be8784fd3c8,77,2,2,0,2025,2025-11-25,,2025-11-25 05:06:27.710122+00,2025-11-25 05:06:27.710122+00
93d220d5-4b04-42f6-8130-72184cada7a4,e71fd1a1-e793-4f24-a327-c466f798c23a,85,2,2,0,2025,2025-11-25,,2025-11-25 05:06:27.710122+00,2025-11-25 05:06:27.710122+00
940a5ff8-5e1f-4f26-bc48-26023b2e12d6,dbbcddfa-d223-4b15-9b22-a4db81272216,102,1,1,0,2025,2025-11-25,,2025-11-25 05:06:27.710122+00,2025-11-25 05:06:27.710122+00
94717d4d-c72b-4b1b-959b-417685cb61ea,3cd842c3-4413-4de2-85bb-95cf19e0682b,73,3,3,0,2025,2025-11-25,,2025-11-25 05:06:27.710122+00,2025-11-25 05:06:27.710122+00
9482a3de-b00c-4b8b-b9d8-9027ddcc76c4,a9a5d17d-3c7c-4435-b113-378e995fc18c,99,3,3,0,2025,2025-11-25,,2025-11-25 05:06:27.710122+00,2025-11-25 05:06:27.710122+00
9504e7f5-5efb-4a27-bae2-977444635bb6,8203ff1b-04b8-4455-ac42-e55928c99b96,91,1,1,0,2025,2025-11-25,,2025-11-25 05:06:27.710122+00,2025-11-25 05:06:27.710122+00
956da14c-f68d-4f59-84c6-3bb62d13bd0c,3cd842c3-4413-4de2-85bb-95cf19e0682b,94,1,1,0,2025,2025-11-25,,2025-11-25 05:06:27.710122+00,2025-11-25 05:06:27.710122+00
967e7c72-cf13-45dd-b5b7-54567c399bd6,8203ff1b-04b8-4455-ac42-e55928c99b96,71,2,2,0,2025,2025-11-25,,2025-11-25 05:06:27.710122+00,2025-11-25 05:06:27.710122+00
96f47051-a8ce-4042-9d46-b7fb73513f1e,2c1769ec-018d-46e5-a052-78351dc59866,106,1,2,1,2025,2025-11-25,,2025-11-25 05:06:27.710122+00,2025-11-25 05:06:27.710122+00
97196a12-bd5f-4e12-a455-59e978a3db47,e13482df-ea57-4e1a-8d76-120b0b8f6c91,28,3,3,0,2025,2025-11-25,,2025-11-25 05:06:27.710122+00,2025-11-25 05:06:27.710122+00
974ef8a1-68db-4c39-bc64-32c90cc8f98e,d1dfbfb9-be80-4387-9354-d7300d33c67f,99,3,3,0,2025,2025-11-25,,2025-11-25 05:06:27.710122+00,2025-11-25 05:06:27.710122+00
978942a9-de66-4b1c-bf05-5ff4d425b5cf,8024e7b4-d63a-4b3f-96e2-4ea60381b552,89,1,1,0,2025,2025-11-25,,2025-11-25 05:06:27.710122+00,2025-11-25 05:06:27.710122+00
995220b2-d123-48fa-b352-b0f887c90170,8024e7b4-d63a-4b3f-96e2-4ea60381b552,28,3,3,0,2025,2025-11-25,,2025-11-25 05:06:27.710122+00,2025-11-25 05:06:27.710122+00
9b0d10f9-479d-4c00-8d97-ebabe5d6fa63,e095f230-6434-44ba-a9f5-061ed19b780b,31,2,2,0,2025,2025-11-25,,2025-11-25 05:06:27.710122+00,2025-11-25 05:06:27.710122+00
9b1ec50d-a4cc-47ac-a873-84de4d6699b0,3cd842c3-4413-4de2-85bb-95cf19e0682b,70,2,2,0,2025,2025-11-25,,2025-11-25 05:06:27.710122+00,2025-11-25 05:06:27.710122+00
9bddc330-f4b1-4da0-805d-1014d4024b3c,8203ff1b-04b8-4455-ac42-e55928c99b96,75,1,1,0,2025,2025-11-25,,2025-11-25 05:06:27.710122+00,2025-11-25 05:06:27.710122+00
9c30f919-1937-4a4b-8b74-78362a36a58f,dbbcddfa-d223-4b15-9b22-a4db81272216,70,3,3,0,2025,2025-11-25,,2025-11-25 05:06:27.710122+00,2025-11-25 05:06:27.710122+00
9db21b90-e277-4b35-b9bf-9041c3beb063,8024e7b4-d63a-4b3f-96e2-4ea60381b552,87,1,1,0,2025,2025-11-25,,2025-11-25 05:06:27.710122+00,2025-11-25 05:06:27.710122+00
9e0e8f8b-ff5a-4561-aeab-b816e9305f1b,d1dfbfb9-be80-4387-9354-d7300d33c67f,85,3,3,0,2025,2025-11-25,,2025-11-25 05:06:27.710122+00,2025-11-25 05:06:27.710122+00
9e613227-3e04-498d-a53b-ab650f5ffd3a,8024e7b4-d63a-4b3f-96e2-4ea60381b552,102,1,1,0,2025,2025-11-25,,2025-11-25 05:06:27.710122+00,2025-11-25 05:06:27.710122+00
9f946206-c15a-4f39-a340-37d6b6e46970,8024e7b4-d63a-4b3f-96e2-4ea60381b552,77,4,4,0,2025,2025-11-25,,2025-11-25 05:06:27.710122+00,2025-11-25 05:06:27.710122+00
a08c08c6-56a5-4e98-a021-1bba69e6c4c9,dbbcddfa-d223-4b15-9b22-a4db81272216,95,3,3,0,2025,2025-11-25,,2025-11-25 05:06:27.710122+00,2025-11-25 05:06:27.710122+00
a13b54df-6fa1-436e-8617-b023d0abc2b2,a8473055-87c4-41ab-a306-9dd3a6e2fae5,79,1,1,0,2025,2025-11-25,,2025-11-25 05:06:27.710122+00,2025-11-25 05:06:27.710122+00
a1af00b4-11b6-4e1d-8e00-9d987758091c,2c1769ec-018d-46e5-a052-78351dc59866,80,1,1,0,2025,2025-11-25,,2025-11-25 05:06:27.710122+00,2025-11-25 05:06:27.710122+00
a2465e04-53a4-4433-8dad-2c5b67a85327,e13482df-ea57-4e1a-8d76-120b0b8f6c91,102,1,1,0,2025,2025-11-25,,2025-11-25 05:06:27.710122+00,2025-11-25 05:06:27.710122+00
a24cb4fe-8956-4020-aa46-6107dd333ddd,58dc9e12-c4c5-47dc-b3a2-84da54a8c420,100,1,1,0,2025,2025-11-25,,2025-11-25 05:06:27.710122+00,2025-11-25 05:06:27.710122+00
a2952619-3222-422e-b093-79e0ac4f9fe5,3cd842c3-4413-4de2-85bb-95cf19e0682b,31,1,1,0,2025,2025-11-25,,2025-11-25 05:06:27.710122+00,2025-11-25 05:06:27.710122+00
a2ace9b5-9c08-4d21-b044-ebd1b4f32e92,dbbcddfa-d223-4b15-9b22-a4db81272216,28,4,4,0,2025,2025-11-25,,2025-11-25 05:06:27.710122+00,2025-11-25 05:06:27.710122+00
a2ad20fe-c822-4f77-b619-c86ad2d6b780,2c1769ec-018d-46e5-a052-78351dc59866,28,4,4,0,2025,2025-11-25,,2025-11-25 05:06:27.710122+00,2025-11-25 05:06:27.710122+00
a3330e97-bce0-46df-84d0-62ea4ccdfb59,dbbcddfa-d223-4b15-9b22-a4db81272216,90,1,1,0,2025,2025-11-25,,2025-11-25 05:06:27.710122+00,2025-11-25 05:06:27.710122+00
a33b0bd9-dd04-45de-9fd2-f86260f46e09,dbbcddfa-d223-4b15-9b22-a4db81272216,100,3,3,0,2025,2025-11-25,,2025-11-25 05:06:27.710122+00,2025-11-25 05:06:27.710122+00
a3b144cd-ae91-4164-b47f-bbf76e4ff360,c43999b4-b8e0-488c-93e4-cdb250a8371b,74,1,1,0,2025,2025-11-25,,2025-11-25 05:06:27.710122+00,2025-11-25 05:06:27.710122+00
a3bbda40-32d9-4f17-830f-831a10676198,2c1769ec-018d-46e5-a052-78351dc59866,103,1,1,0,2025,2025-11-25,,2025-11-25 05:06:27.710122+00,2025-11-25 05:06:27.710122+00
a400d577-bce2-448d-8973-523b2753c966,58dc9e12-c4c5-47dc-b3a2-84da54a8c420,73,2,3,1,2025,2025-11-25,,2025-11-25 05:06:27.710122+00,2025-11-25 05:06:27.710122+00
a464ef32-85b2-4a51-9ad9-8b5243357937,4c480bfb-fea0-4e9f-8b22-5be8784fd3c8,84,1,1,0,2025,2025-11-25,,2025-11-25 05:06:27.710122+00,2025-11-25 05:06:27.710122+00
a5343ff6-0db5-414a-9b7a-b5fdf1bd6545,a8473055-87c4-41ab-a306-9dd3a6e2fae5,90,1,1,0,2025,2025-11-25,,2025-11-25 05:06:27.710122+00,2025-11-25 05:06:27.710122+00
a590265f-afa5-445b-af3b-6a59ff5ac11a,a8473055-87c4-41ab-a306-9dd3a6e2fae5,75,1,1,0,2025,2025-11-25,,2025-11-25 05:06:27.710122+00,2025-11-25 05:06:27.710122+00
a5abd4f3-856a-4281-8fac-4afc934425f6,4c480bfb-fea0-4e9f-8b22-5be8784fd3c8,71,2,2,0,2025,2025-11-25,,2025-11-25 05:06:27.710122+00,2025-11-25 05:06:27.710122+00
a6162eb8-7224-4c12-b00e-4720a8426ff4,8024e7b4-d63a-4b3f-96e2-4ea60381b552,70,3,3,0,2025,2025-11-25,,2025-11-25 05:06:27.710122+00,2025-11-25 05:06:27.710122+00
a694ce4e-4729-4363-9081-7fcddc787db9,d1dfbfb9-be80-4387-9354-d7300d33c67f,28,3,3,0,2025,2025-11-25,,2025-11-25 05:06:27.710122+00,2025-11-25 05:06:27.710122+00
a69c7842-c11e-479b-a91b-aa65caabfd68,d1dfbfb9-be80-4387-9354-d7300d33c67f,100,1,2,1,2025,2025-11-25,,2025-11-25 05:06:27.710122+00,2025-11-25 05:06:27.710122+00
a976894b-90d4-41db-bb76-d0e955d44c2e,a5a8f91e-db90-47e6-a3bf-23df178facde,98,4,4,0,2025,2025-11-25,,2025-11-25 05:06:27.710122+00,2025-11-25 05:06:27.710122+00
ab57fc12-2b90-48ac-ae11-a0e049f775fe,2c1769ec-018d-46e5-a052-78351dc59866,73,3,3,0,2025,2025-11-25,,2025-11-25 05:06:27.710122+00,2025-11-25 05:06:27.710122+00
ac27270e-2035-40d6-ac95-af22c2df1744,a9a5d17d-3c7c-4435-b113-378e995fc18c,71,2,2,0,2025,2025-11-25,,2025-11-25 05:06:27.710122+00,2025-11-25 05:06:27.710122+00
acd31bdd-59e9-4737-a20b-8f004a96ef87,3cd842c3-4413-4de2-85bb-95cf19e0682b,93,2,2,0,2025,2025-11-25,,2025-11-25 05:06:27.710122+00,2025-11-25 05:06:27.710122+00
ace50c07-41ef-4f80-a399-daf6006d182d,a5a8f91e-db90-47e6-a3bf-23df178facde,106,3,3,0,2025,2025-11-25,,2025-11-25 05:06:27.710122+00,2025-11-25 05:06:27.710122+00
add00234-5ce1-4edd-b9e5-56e7ab4cf08c,1c126e0f-a118-4a00-b983-fef36df9e86c,98,1,1,0,2025,2025-11-25,,2025-11-25 05:06:27.710122+00,2025-11-25 05:06:27.710122+00
ae87623d-8fcf-4002-82c1-1dc850d8f02e,e095f230-6434-44ba-a9f5-061ed19b780b,87,3,3,0,2025,2025-11-25,,2025-11-25 05:06:27.710122+00,2025-11-25 05:06:27.710122+00
b08f9d70-86cc-4669-a832-f73584d20f16,d1dfbfb9-be80-4387-9354-d7300d33c67f,89,1,2,1,2025,2025-11-25,,2025-11-25 05:06:27.710122+00,2025-11-25 05:06:27.710122+00
b0da0215-f532-4e7b-bc91-5f592cfac0ea,a8473055-87c4-41ab-a306-9dd3a6e2fae5,31,2,2,0,2025,2025-11-25,,2025-11-25 05:06:27.710122+00,2025-11-25 05:06:27.710122+00
b130c63d-b6cd-4979-b9d4-053c629e2190,d1dfbfb9-be80-4387-9354-d7300d33c67f,98,3,3,0,2025,2025-11-25,,2025-11-25 05:06:27.710122+00,2025-11-25 05:06:27.710122+00
b14e860e-0c5e-4f1d-8073-7375c0e1fa93,a9a5d17d-3c7c-4435-b113-378e995fc18c,86,2,2,0,2025,2025-11-25,,2025-11-25 05:06:27.710122+00,2025-11-25 05:06:27.710122+00
b1f9a017-d96f-4832-bd8f-e5f81158c31f,dbbcddfa-d223-4b15-9b22-a4db81272216,76,2,2,0,2025,2025-11-25,,2025-11-25 05:06:27.710122+00,2025-11-25 05:06:27.710122+00
b252f63e-1411-414c-b84e-56911a236f18,3cd842c3-4413-4de2-85bb-95cf19e0682b,99,3,3,0,2025,2025-11-25,,2025-11-25 05:06:27.710122+00,2025-11-25 05:06:27.710122+00
b29b7ca2-3627-4887-9eff-e9e6536e795d,e71fd1a1-e793-4f24-a327-c466f798c23a,94,1,1,0,2025,2025-11-25,,2025-11-25 05:06:27.710122+00,2025-11-25 05:06:27.710122+00
b34e98d2-c12e-481f-942f-4fd872d4afdf,c43999b4-b8e0-488c-93e4-cdb250a8371b,89,3,3,0,2025,2025-11-25,,2025-11-25 05:06:27.710122+00,2025-11-25 05:06:27.710122+00
b44b1951-3251-423e-89a0-03695f4c81cc,e71fd1a1-e793-4f24-a327-c466f798c23a,97,3,4,1,2025,2025-11-25,,2025-11-25 05:06:27.710122+00,2025-11-25 05:06:27.710122+00
b44b6384-ba4e-4c35-ae59-bc435bab7675,8024e7b4-d63a-4b3f-96e2-4ea60381b552,80,1,1,0,2025,2025-11-25,,2025-11-25 05:06:27.710122+00,2025-11-25 05:06:27.710122+00
b493d823-3e00-4f74-bc86-9e52fc5f7894,a8473055-87c4-41ab-a306-9dd3a6e2fae5,74,1,1,0,2025,2025-11-25,,2025-11-25 05:06:27.710122+00,2025-11-25 05:06:27.710122+00
b587d50c-0d92-40f9-8404-1300055a1ae3,2c1769ec-018d-46e5-a052-78351dc59866,100,4,4,0,2025,2025-11-25,,2025-11-25 05:06:27.710122+00,2025-11-25 05:06:27.710122+00
b59a5ab5-6ab0-4e9a-bdcf-0a1fcb1b8ffa,2c1769ec-018d-46e5-a052-78351dc59866,70,3,3,0,2025,2025-11-25,,2025-11-25 05:06:27.710122+00,2025-11-25 05:06:27.710122+00
b6009ae9-d5c8-4a77-9e23-6add578ba330,3cd842c3-4413-4de2-85bb-95cf19e0682b,89,2,2,0,2025,2025-11-25,,2025-11-25 05:06:27.710122+00,2025-11-25 05:06:27.710122+00
b63c337c-3d66-427d-99ae-ce0b91928d50,e71fd1a1-e793-4f24-a327-c466f798c23a,77,2,2,0,2025,2025-11-25,,2025-11-25 05:06:27.710122+00,2025-11-25 05:06:27.710122+00
b653d956-92bb-4000-a1a0-e219131fb9ab,1c126e0f-a118-4a00-b983-fef36df9e86c,31,1,2,1,2025,2025-11-25,,2025-11-25 05:06:27.710122+00,2025-11-25 05:06:27.710122+00
b7b7d399-a59f-436b-a959-c0c53c4ff913,8203ff1b-04b8-4455-ac42-e55928c99b96,100,1,1,0,2025,2025-11-25,,2025-11-25 05:06:27.710122+00,2025-11-25 05:06:27.710122+00
b956c46c-7e15-4928-bbf6-c4a71ae2a801,4c480bfb-fea0-4e9f-8b22-5be8784fd3c8,99,1,1,0,2025,2025-11-25,,2025-11-25 05:06:27.710122+00,2025-11-25 05:06:27.710122+00
b995ae67-4775-4199-accb-3b9aeb8efca5,8024e7b4-d63a-4b3f-96e2-4ea60381b552,106,1,1,0,2025,2025-11-25,,2025-11-25 05:06:27.710122+00,2025-11-25 05:06:27.710122+00
ba2b38bd-2a81-4ab1-861a-306d0d0b0a7c,3cd842c3-4413-4de2-85bb-95cf19e0682b,100,2,3,1,2025,2025-11-25,,2025-11-25 05:06:27.710122+00,2025-11-25 05:06:27.710122+00
ba9f9a05-1487-41de-b595-c1ef44f415a4,d1dfbfb9-be80-4387-9354-d7300d33c67f,97,1,2,1,2025,2025-11-25,,2025-11-25 05:06:27.710122+00,2025-11-25 05:06:27.710122+00
bb758545-5bc0-4aea-839e-4bab4ebddf9a,4c480bfb-fea0-4e9f-8b22-5be8784fd3c8,83,1,1,0,2025,2025-11-25,,2025-11-25 05:06:27.710122+00,2025-11-25 05:06:27.710122+00
bc3c8ee8-08a4-4ce5-915b-d99ee86dccf6,a8473055-87c4-41ab-a306-9dd3a6e2fae5,93,2,3,1,2025,2025-11-25,,2025-11-25 05:06:27.710122+00,2025-11-25 05:06:27.710122+00
bc61fea2-3195-45db-b2e7-e6ebc08cefc1,2c1769ec-018d-46e5-a052-78351dc59866,107,1,2,1,2025,2025-11-25,,2025-11-25 05:06:27.710122+00,2025-11-25 05:06:27.710122+00
bd56833c-59ae-43ec-9fae-f37bfa9b3208,c43999b4-b8e0-488c-93e4-cdb250a8371b,87,3,4,1,2025,2025-11-25,,2025-11-25 05:06:27.710122+00,2025-11-25 05:06:27.710122+00
bd5cb00e-a7f9-4daf-b7f9-393d4332998b,3cd842c3-4413-4de2-85bb-95cf19e0682b,85,3,3,0,2025,2025-11-25,,2025-11-25 05:06:27.710122+00,2025-11-25 05:06:27.710122+00
bf19ffa9-b3a5-4d4d-9549-c0eaeec21881,e71fd1a1-e793-4f24-a327-c466f798c23a,95,3,3,0,2025,2025-11-25,,2025-11-25 05:06:27.710122+00,2025-11-25 05:06:27.710122+00
bf44d39e-3f58-4bfd-9dac-6c750b2c48fe,2c1769ec-018d-46e5-a052-78351dc59866,89,3,3,0,2025,2025-11-25,,2025-11-25 05:06:27.710122+00,2025-11-25 05:06:27.710122+00
bf5270a2-2fa9-4d22-a722-b0a33ecabdb3,a9a5d17d-3c7c-4435-b113-378e995fc18c,100,1,2,1,2025,2025-11-25,,2025-11-25 05:06:27.710122+00,2025-11-25 05:06:27.710122+00
bfa38ba9-2af2-4648-b9bf-80435f88f466,e13482df-ea57-4e1a-8d76-120b0b8f6c91,91,1,1,0,2025,2025-11-25,,2025-11-25 05:06:27.710122+00,2025-11-25 05:06:27.710122+00
c1702787-9d25-4e6c-a9b1-9daef6c39ce1,e13482df-ea57-4e1a-8d76-120b0b8f6c91,87,1,1,0,2025,2025-11-25,,2025-11-25 05:06:27.710122+00,2025-11-25 05:06:27.710122+00
c1752a47-8ff3-4848-8321-20e239863db1,1c126e0f-a118-4a00-b983-fef36df9e86c,73,1,2,1,2025,2025-11-25,,2025-11-25 05:06:27.710122+00,2025-11-25 05:06:27.710122+00
c2f903f3-574c-4a61-acba-78163492355a,8024e7b4-d63a-4b3f-96e2-4ea60381b552,83,1,1,0,2025,2025-11-25,,2025-11-25 05:06:27.710122+00,2025-11-25 05:06:27.710122+00
c3eecc54-60c0-4254-9a11-e5ef0197d62a,e71fd1a1-e793-4f24-a327-c466f798c23a,96,1,1,0,2025,2025-11-25,,2025-11-25 05:06:27.710122+00,2025-11-25 05:06:27.710122+00
c43ab3bb-ccf1-46ff-9685-fd158b4a3d55,a8473055-87c4-41ab-a306-9dd3a6e2fae5,94,3,4,1,2025,2025-11-25,,2025-11-25 05:06:27.710122+00,2025-11-25 05:06:27.710122+00
c4538e24-1ce7-4d8f-96e4-b508ef6549e0,e095f230-6434-44ba-a9f5-061ed19b780b,70,2,2,0,2025,2025-11-25,,2025-11-25 05:06:27.710122+00,2025-11-25 05:06:27.710122+00
c503906d-3e56-43cd-a811-02862be700f0,a8473055-87c4-41ab-a306-9dd3a6e2fae5,84,1,1,0,2025,2025-11-25,,2025-11-25 05:06:27.710122+00,2025-11-25 05:06:27.710122+00
c58bf2c6-06d0-405b-b249-e8247ef8260a,dbbcddfa-d223-4b15-9b22-a4db81272216,87,1,1,0,2025,2025-11-25,,2025-11-25 05:06:27.710122+00,2025-11-25 05:06:27.710122+00
c5b2dcee-ec5f-43a9-80f8-66d85e0b93f0,a8473055-87c4-41ab-a306-9dd3a6e2fae5,96,2,2,0,2025,2025-11-25,,2025-11-25 05:06:27.710122+00,2025-11-25 05:06:27.710122+00
c8108157-f140-4f34-8b03-63198f8eb9ef,8024e7b4-d63a-4b3f-96e2-4ea60381b552,95,4,4,0,2025,2025-11-25,,2025-11-25 05:06:27.710122+00,2025-11-25 05:06:27.710122+00
c84c312a-ed96-4fbc-a7e6-9eaee20d9f5d,4c480bfb-fea0-4e9f-8b22-5be8784fd3c8,106,2,2,0,2025,2025-11-25,,2025-11-25 05:06:27.710122+00,2025-11-25 05:06:27.710122+00
c886bef6-0712-4c86-88b3-2a24e33e8dd3,e13482df-ea57-4e1a-8d76-120b0b8f6c91,71,3,3,0,2025,2025-11-25,,2025-11-25 05:06:27.710122+00,2025-11-25 05:06:27.710122+00
c8d30215-17ec-4130-af03-7aabf8c25d75,3cd842c3-4413-4de2-85bb-95cf19e0682b,90,1,1,0,2025,2025-11-25,,2025-11-25 05:06:27.710122+00,2025-11-25 05:06:27.710122+00
c9ad5e40-f113-4fc9-a290-93bc88455b3d,e095f230-6434-44ba-a9f5-061ed19b780b,83,2,3,1,2025,2025-11-25,,2025-11-25 05:06:27.710122+00,2025-11-25 05:06:27.710122+00
cb5a2e71-3677-4da9-a719-4e11e89e96e7,dbbcddfa-d223-4b15-9b22-a4db81272216,92,1,1,0,2025,2025-11-25,,2025-11-25 05:06:27.710122+00,2025-11-25 05:06:27.710122+00
cbc7c46b-ccb8-4022-89df-b217862add89,e13482df-ea57-4e1a-8d76-120b0b8f6c91,83,2,2,0,2025,2025-11-25,,2025-11-25 05:06:27.710122+00,2025-11-25 05:06:27.710122+00
cbc87996-7cf2-4a9a-8c66-b0e740ff5d3d,2c1769ec-018d-46e5-a052-78351dc59866,91,2,2,0,2025,2025-11-25,,2025-11-25 05:06:27.710122+00,2025-11-25 05:06:27.710122+00
cc9904d5-2a8f-4f12-bd88-d90a45372445,e13482df-ea57-4e1a-8d76-120b0b8f6c91,88,1,1,0,2025,2025-11-25,,2025-11-25 05:06:27.710122+00,2025-11-25 05:06:27.710122+00
ccd089df-90dc-48ac-be7b-bc890993acaa,e13482df-ea57-4e1a-8d76-120b0b8f6c91,70,3,3,0,2025,2025-11-25,,2025-11-25 05:06:27.710122+00,2025-11-25 05:06:27.710122+00
ce79bdec-46f9-4de9-a649-b52b23810988,8024e7b4-d63a-4b3f-96e2-4ea60381b552,107,1,1,0,2025,2025-11-25,,2025-11-25 05:06:27.710122+00,2025-11-25 05:06:27.710122+00
cfc673b5-044c-4061-87a6-980aebab87d3,58dc9e12-c4c5-47dc-b3a2-84da54a8c420,89,2,2,0,2025,2025-11-25,,2025-11-25 05:06:27.710122+00,2025-11-25 05:06:27.710122+00
d0e10866-7357-4d6b-8de7-656b2b79ba76,a8473055-87c4-41ab-a306-9dd3a6e2fae5,85,2,3,1,2025,2025-11-25,,2025-11-25 05:06:27.710122+00,2025-11-25 05:06:27.710122+00
d0e45eac-761b-49b3-8876-877d83c6126c,e71fd1a1-e793-4f24-a327-c466f798c23a,106,1,1,0,2025,2025-11-25,,2025-11-25 05:06:27.710122+00,2025-11-25 05:06:27.710122+00
d15268a4-c9ef-4ba2-ba61-bd42353c23aa,dbbcddfa-d223-4b15-9b22-a4db81272216,97,2,3,1,2025,2025-11-25,,2025-11-25 05:06:27.710122+00,2025-11-25 05:06:27.710122+00
d35739a0-6f6d-483f-a747-457945a9adbf,a8473055-87c4-41ab-a306-9dd3a6e2fae5,88,1,1,0,2025,2025-11-25,,2025-11-25 05:06:27.710122+00,2025-11-25 05:06:27.710122+00
d47be809-6ab8-45d8-9621-9eee4571d37a,a8473055-87c4-41ab-a306-9dd3a6e2fae5,91,1,1,0,2025,2025-11-25,,2025-11-25 05:06:27.710122+00,2025-11-25 05:06:27.710122+00
d491b3da-5d7b-483e-b68d-d74546529f65,e13482df-ea57-4e1a-8d76-120b0b8f6c91,89,1,1,0,2025,2025-11-25,,2025-11-25 05:06:27.710122+00,2025-11-25 05:06:27.710122+00
d4b0c2b0-3bb3-40bc-b3fb-cdb57db56f15,8024e7b4-d63a-4b3f-96e2-4ea60381b552,75,4,4,0,2025,2025-11-25,,2025-11-25 05:06:27.710122+00,2025-11-25 05:06:27.710122+00
d4c562e4-e45b-4692-ae64-6bbc391044f5,1c126e0f-a118-4a00-b983-fef36df9e86c,106,1,1,0,2025,2025-11-25,,2025-11-25 05:06:27.710122+00,2025-11-25 05:06:27.710122+00
d50fa13a-89f2-4df5-b113-c5419fd3016c,e71fd1a1-e793-4f24-a327-c466f798c23a,76,2,2,0,2025,2025-11-25,,2025-11-25 05:06:27.710122+00,2025-11-25 05:06:27.710122+00
d7a166f7-d97c-429b-888d-73f204adba08,a8473055-87c4-41ab-a306-9dd3a6e2fae5,92,1,1,0,2025,2025-11-25,,2025-11-25 05:06:27.710122+00,2025-11-25 05:06:27.710122+00
d8db1623-25df-4c50-a53b-b060570f9c79,e71fd1a1-e793-4f24-a327-c466f798c23a,104,1,1,0,2025,2025-11-25,,2025-11-25 05:06:27.710122+00,2025-11-25 05:06:27.710122+00
d9b2b751-5220-4c28-a956-99011a585763,e13482df-ea57-4e1a-8d76-120b0b8f6c91,96,3,3,0,2025,2025-11-25,,2025-11-25 05:06:27.710122+00,2025-11-25 05:06:27.710122+00
da37c169-893f-42ac-9501-d40d4de30526,8203ff1b-04b8-4455-ac42-e55928c99b96,96,1,1,0,2025,2025-11-25,,2025-11-25 05:06:27.710122+00,2025-11-25 05:06:27.710122+00
db37904d-d424-4073-b131-2efb9ee3763c,8024e7b4-d63a-4b3f-96e2-4ea60381b552,73,4,4,0,2025,2025-11-25,,2025-11-25 05:06:27.710122+00,2025-11-25 05:06:27.710122+00
dbd13772-d726-4117-a78f-2ac1da37f475,4c480bfb-fea0-4e9f-8b22-5be8784fd3c8,97,2,3,1,2025,2025-11-25,,2025-11-25 05:06:27.710122+00,2025-11-25 05:06:27.710122+00
dc166e51-31b6-49fc-8b46-7e7df1a5480e,2c1769ec-018d-46e5-a052-78351dc59866,83,3,3,0,2025,2025-11-25,,2025-11-25 05:06:27.710122+00,2025-11-25 05:06:27.710122+00
dd472da6-6523-4aa0-ad3b-4dff85a9ee74,e13482df-ea57-4e1a-8d76-120b0b8f6c91,86,1,1,0,2025,2025-11-25,,2025-11-25 05:06:27.710122+00,2025-11-25 05:06:27.710122+00
e08f4a3c-b01e-472f-a706-ec514578736f,a5a8f91e-db90-47e6-a3bf-23df178facde,85,2,2,0,2025,2025-11-25,,2025-11-25 05:06:27.710122+00,2025-11-25 05:06:27.710122+00
e0d082b5-17a3-464f-8942-3d4cbf712632,e13482df-ea57-4e1a-8d76-120b0b8f6c91,73,2,3,1,2025,2025-11-25,,2025-11-25 05:06:27.710122+00,2025-11-25 05:06:27.710122+00
e0e5c49d-14af-4cbb-ac74-88edbe0bd1f5,e71fd1a1-e793-4f24-a327-c466f798c23a,28,1,2,1,2025,2025-11-25,,2025-11-25 05:06:27.710122+00,2025-11-25 05:06:27.710122+00
e10a8b70-e61e-450b-9b73-f25c737c639e,d1dfbfb9-be80-4387-9354-d7300d33c67f,107,2,3,1,2025,2025-11-25,,2025-11-25 05:06:27.710122+00,2025-11-25 05:06:27.710122+00
e1237370-903f-4958-b01e-ed7d32c6b86e,3cd842c3-4413-4de2-85bb-95cf19e0682b,103,1,1,0,2025,2025-11-25,,2025-11-25 05:06:27.710122+00,2025-11-25 05:06:27.710122+00
e1406243-d5eb-4dc5-9b47-d54d88fa57b8,58dc9e12-c4c5-47dc-b3a2-84da54a8c420,86,1,2,1,2025,2025-11-25,,2025-11-25 05:06:27.710122+00,2025-11-25 05:06:27.710122+00
e1683124-2407-4fb0-8284-741cd3ab7e0a,d6c46d66-366e-4d4b-8ea5-64d1170bca6b,70,1,2,1,2025,2025-11-25,,2025-11-25 05:06:27.710122+00,2025-11-25 05:06:27.710122+00
e20a15ad-cd2f-460f-9729-d30a62ed691f,a8473055-87c4-41ab-a306-9dd3a6e2fae5,87,1,2,1,2025,2025-11-25,,2025-11-25 05:06:27.710122+00,2025-11-25 05:06:27.710122+00
e26d6e70-326c-4f51-acad-cff6acb74a71,a8473055-87c4-41ab-a306-9dd3a6e2fae5,78,1,1,0,2025,2025-11-25,,2025-11-25 05:06:27.710122+00,2025-11-25 05:06:27.710122+00
e369960a-df90-4bdc-93b6-c9a3372500b5,a9a5d17d-3c7c-4435-b113-378e995fc18c,89,1,2,1,2025,2025-11-25,,2025-11-25 05:06:27.710122+00,2025-11-25 05:06:27.710122+00
e384d791-8f2e-4099-85c6-371c19465ff4,dbbcddfa-d223-4b15-9b22-a4db81272216,79,1,2,1,2025,2025-11-25,,2025-11-25 05:06:27.710122+00,2025-11-25 05:06:27.710122+00
e5208274-571d-4f56-adf9-96d62c46c753,2c1769ec-018d-46e5-a052-78351dc59866,71,3,3,0,2025,2025-11-25,,2025-11-25 05:06:27.710122+00,2025-11-25 05:06:27.710122+00
e53388cb-6677-44db-be6d-9ed3a5565858,a8473055-87c4-41ab-a306-9dd3a6e2fae5,100,3,3,0,2025,2025-11-25,,2025-11-25 05:06:27.710122+00,2025-11-25 05:06:27.710122+00
e55bc024-e034-46c6-af7a-7a838e9ca6ef,8024e7b4-d63a-4b3f-96e2-4ea60381b552,92,1,1,0,2025,2025-11-25,,2025-11-25 05:06:27.710122+00,2025-11-25 05:06:27.710122+00
e642a834-7af7-4a5f-ae01-338ef2e2aee1,a8473055-87c4-41ab-a306-9dd3a6e2fae5,28,3,3,0,2025,2025-11-25,,2025-11-25 05:06:27.710122+00,2025-11-25 05:06:27.710122+00
e6a71222-566f-4e1d-9779-424ff783fdc0,c43999b4-b8e0-488c-93e4-cdb250a8371b,83,2,3,1,2025,2025-11-25,,2025-11-25 05:06:27.710122+00,2025-11-25 05:06:27.710122+00
e92ddfc4-3e21-4951-a649-b94a72274da4,e13482df-ea57-4e1a-8d76-120b0b8f6c91,100,2,2,0,2025,2025-11-25,,2025-11-25 05:06:27.710122+00,2025-11-25 05:06:27.710122+00
e9a50a0a-fa24-47c6-a691-5f5af7086fca,a8473055-87c4-41ab-a306-9dd3a6e2fae5,104,1,1,0,2025,2025-11-25,,2025-11-25 05:06:27.710122+00,2025-11-25 05:06:27.710122+00
e9a6adab-cfa8-4467-b1fc-3330490ac8a1,c43999b4-b8e0-488c-93e4-cdb250a8371b,106,1,2,1,2025,2025-11-25,,2025-11-25 05:06:27.710122+00,2025-11-25 05:06:27.710122+00
e9b6d9c3-304e-4874-b730-4266da52ab67,c43999b4-b8e0-488c-93e4-cdb250a8371b,88,1,2,1,2025,2025-11-25,,2025-11-25 05:06:27.710122+00,2025-11-25 05:06:27.710122+00
e9e83f2f-4b12-4058-b07c-278a78f11945,4c480bfb-fea0-4e9f-8b22-5be8784fd3c8,31,2,2,0,2025,2025-11-25,,2025-11-25 05:06:27.710122+00,2025-11-25 05:06:27.710122+00
ead8605f-f02d-4335-9939-3fde69cd628b,a9a5d17d-3c7c-4435-b113-378e995fc18c,31,3,4,1,2025,2025-11-25,,2025-11-25 05:06:27.710122+00,2025-11-25 05:06:27.710122+00
eae076a7-f764-419e-91d5-360d9c7fe429,2c1769ec-018d-46e5-a052-78351dc59866,88,2,2,0,2025,2025-11-25,,2025-11-25 05:06:27.710122+00,2025-11-25 05:06:27.710122+00
eb1f61e3-4f83-4aad-987b-99ba16be9333,d1dfbfb9-be80-4387-9354-d7300d33c67f,87,1,1,0,2025,2025-11-25,,2025-11-25 05:06:27.710122+00,2025-11-25 05:06:27.710122+00
eb889174-c889-4610-a959-545baa57ed34,a5a8f91e-db90-47e6-a3bf-23df178facde,83,2,2,0,2025,2025-11-25,,2025-11-25 05:06:27.710122+00,2025-11-25 05:06:27.710122+00
ec831bef-e548-4947-8199-12fac1a5ae48,3cd842c3-4413-4de2-85bb-95cf19e0682b,91,1,1,0,2025,2025-11-25,,2025-11-25 05:06:27.710122+00,2025-11-25 05:06:27.710122+00
ecfa1b6c-1043-4795-a6bb-0c954c79647f,a8473055-87c4-41ab-a306-9dd3a6e2fae5,71,3,3,0,2025,2025-11-25,,2025-11-25 05:06:27.710122+00,2025-11-25 05:06:27.710122+00
ed0e53b0-748d-4672-afdc-f4c0e2afefd2,a8473055-87c4-41ab-a306-9dd3a6e2fae5,89,2,2,0,2025,2025-11-25,,2025-11-25 05:06:27.710122+00,2025-11-25 05:06:27.710122+00
ed50c479-649d-4e16-889c-1a6302c219d9,dbbcddfa-d223-4b15-9b22-a4db81272216,77,1,1,0,2025,2025-11-25,,2025-11-25 05:06:27.710122+00,2025-11-25 05:06:27.710122+00
ed79da4f-865f-4244-b00a-7f1aa7a36751,3cd842c3-4413-4de2-85bb-95cf19e0682b,88,1,1,0,2025,2025-11-25,,2025-11-25 05:06:27.710122+00,2025-11-25 05:06:27.710122+00
eeb64256-cc95-4168-808f-f4d162eb6f0b,8024e7b4-d63a-4b3f-96e2-4ea60381b552,104,1,1,0,2025,2025-11-25,,2025-11-25 05:06:27.710122+00,2025-11-25 05:06:27.710122+00
efdadc2e-2cbe-4ee7-a867-93667d37b41f,a8473055-87c4-41ab-a306-9dd3a6e2fae5,95,4,4,0,2025,2025-11-25,,2025-11-25 05:06:27.710122+00,2025-11-25 05:06:27.710122+00
f146e015-5993-4fc1-9b88-57873f4bd0e5,a8473055-87c4-41ab-a306-9dd3a6e2fae5,76,1,1,0,2025,2025-11-25,,2025-11-25 05:06:27.710122+00,2025-11-25 05:06:27.710122+00
f175243c-4656-4a42-b167-3e5903a2ecb9,8024e7b4-d63a-4b3f-96e2-4ea60381b552,90,1,1,0,2025,2025-11-25,,2025-11-25 05:06:27.710122+00,2025-11-25 05:06:27.710122+00
f1d079cd-3c03-4c96-b2a1-5e7bf1c222f8,c43999b4-b8e0-488c-93e4-cdb250a8371b,96,3,3,0,2025,2025-11-25,,2025-11-25 05:06:27.710122+00,2025-11-25 05:06:27.710122+00
f1d33b7b-be3a-4bb2-9499-a2816a44bdb0,d6c46d66-366e-4d4b-8ea5-64d1170bca6b,71,1,2,1,2025,2025-11-25,,2025-11-25 05:06:27.710122+00,2025-11-25 05:06:27.710122+00
f1df9c3c-b7aa-4a0f-8193-4b9a35c453e8,e71fd1a1-e793-4f24-a327-c466f798c23a,90,1,1,0,2025,2025-11-25,,2025-11-25 05:06:27.710122+00,2025-11-25 05:06:27.710122+00
f1f019bf-f087-46bb-b57e-3de8f19712bc,e71fd1a1-e793-4f24-a327-c466f798c23a,99,2,2,0,2025,2025-11-25,,2025-11-25 05:06:27.710122+00,2025-11-25 05:06:27.710122+00
f2892af7-14a4-4642-9aef-f30db4038413,3cd842c3-4413-4de2-85bb-95cf19e0682b,87,3,3,0,2025,2025-11-25,,2025-11-25 05:06:27.710122+00,2025-11-25 05:06:27.710122+00
f387cbaf-e059-458b-bfd5-ecf3b10759de,dbbcddfa-d223-4b15-9b22-a4db81272216,88,3,3,0,2025,2025-11-25,,2025-11-25 05:06:27.710122+00,2025-11-25 05:06:27.710122+00
f3acf10b-efc6-4399-a494-829f86a43fa0,e71fd1a1-e793-4f24-a327-c466f798c23a,93,2,2,0,2025,2025-11-25,,2025-11-25 05:06:27.710122+00,2025-11-25 05:06:27.710122+00
f4bc40b3-851d-4572-94ae-bfab83a04319,e71fd1a1-e793-4f24-a327-c466f798c23a,80,3,3,0,2025,2025-11-25,,2025-11-25 05:06:27.710122+00,2025-11-25 05:06:27.710122+00
f4d559c9-887c-4ed6-9cad-0e9a79ef0199,e71fd1a1-e793-4f24-a327-c466f798c23a,86,1,1,0,2025,2025-11-25,,2025-11-25 05:06:27.710122+00,2025-11-25 05:06:27.710122+00
f5ef522f-43f3-4cbb-be5b-977267dfbf16,dbbcddfa-d223-4b15-9b22-a4db81272216,98,3,3,0,2025,2025-11-25,,2025-11-25 05:06:27.710122+00,2025-11-25 05:06:27.710122+00
f607066a-d2ae-44f6-8715-c5dd0542457b,a8473055-87c4-41ab-a306-9dd3a6e2fae5,99,3,3,0,2025,2025-11-25,,2025-11-25 05:06:27.710122+00,2025-11-25 05:06:27.710122+00
f6221583-5f81-44c3-96a3-55a0294909a1,e13482df-ea57-4e1a-8d76-120b0b8f6c91,106,1,1,0,2025,2025-11-25,,2025-11-25 05:06:27.710122+00,2025-11-25 05:06:27.710122+00
f6da7cd1-3da6-41e6-a33e-a94da95cfd60,a5a8f91e-db90-47e6-a3bf-23df178facde,103,4,4,0,2025,2025-11-25,,2025-11-25 05:06:27.710122+00,2025-11-25 05:06:27.710122+00
f83098a4-1a2e-45b0-9839-1325dc0735eb,c43999b4-b8e0-488c-93e4-cdb250a8371b,86,1,4,3,2025,2025-11-25,,2025-11-25 05:06:27.710122+00,2025-11-25 05:06:27.710122+00
fa14a17d-8bed-4a07-b765-984eca33639f,8024e7b4-d63a-4b3f-96e2-4ea60381b552,86,1,1,0,2025,2025-11-25,,2025-11-25 05:06:27.710122+00,2025-11-25 05:06:27.710122+00
fb47238f-323a-447d-96e1-d7a5d38caf95,e71fd1a1-e793-4f24-a327-c466f798c23a,70,3,3,0,2025,2025-11-25,,2025-11-25 05:06:27.710122+00,2025-11-25 05:06:27.710122+00
fc48611c-f3ac-4917-aaf0-bba2767a74da,58dc9e12-c4c5-47dc-b3a2-84da54a8c420,85,2,2,0,2025,2025-11-25,,2025-11-25 05:06:27.710122+00,2025-11-25 05:06:27.710122+00
fc61966b-8cb3-4204-84d1-0273739dd995,a8473055-87c4-41ab-a306-9dd3a6e2fae5,106,1,1,0,2025,2025-11-25,,2025-11-25 05:06:27.710122+00,2025-11-25 05:06:27.710122+00
fcad2852-3fdd-486b-86d8-030219e8c2ae,c43999b4-b8e0-488c-93e4-cdb250a8371b,99,2,2,0,2025,2025-11-25,,2025-11-25 05:06:27.710122+00,2025-11-25 05:06:27.710122+00
fcfc6f8b-1aaf-4206-9868-cf134d201bee,e095f230-6434-44ba-a9f5-061ed19b780b,71,2,2,0,2025,2025-11-25,,2025-11-25 05:06:27.710122+00,2025-11-25 05:06:27.710122+00
fdd66a21-75ef-4ecf-b704-40644cd14f95,e095f230-6434-44ba-a9f5-061ed19b780b,86,2,2,0,2025,2025-11-25,,2025-11-25 05:06:27.710122+00,2025-11-25 05:06:27.710122+00
fdfad945-df69-4bc0-83a0-384ba45d2398,c43999b4-b8e0-488c-93e4-cdb250a8371b,71,2,3,1,2025,2025-11-25,,2025-11-25 05:06:27.710122+00,2025-11-25 05:06:27.710122+00
ff7353e5-f793-4b10-bf66-22f811495d66,2c1769ec-018d-46e5-a052-78351dc59866,99,4,4,0,2025,2025-11-25,,2025-11-25 05:06:27.710122+00,2025-11-25 05:06:27.710122+00
ffc12f25-a9e2-4d79-8094-b6ebd99f5f5e,dbbcddfa-d223-4b15-9b22-a4db81272216,75,1,1,0,2025,2025-11-25,,2025-11-25 05:06:27.710122+00,2025-11-25 05:06:27.710122+00