id,module_id,module_name,skill_name,skill_code,description,display_order,is_active,created_at,updated_at
1,1,TPM基础,设备管理,,,1,true,2025-11-25 02:38:01.116762+00,2025-11-25 02:38:01.116762+00
2,1,TPM基础,预防维护,,,2,true,2025-11-25 02:38:01.116762+00,2025-11-25 02:38:01.116762+00
3,1,TPM基础,自主维护,,,3,true,2025-11-25 02:38:01.116762+00,2025-11-25 02:38:01.116762+00
4,2,精益流程,VSM分析,,,4,true,2025-11-25 02:38:01.116762+00,2025-11-25 02:38:01.116762+00
5,2,精益流程,SMED,,,5,true,2025-11-25 02:38:01.116762+00,2025-11-25 02:38:01.116762+00
6,2,精益流程,价值流优化,,,6,true,2025-11-25 02:38:01.116762+00,2025-11-25 02:38:01.116762+00
7,3,问题解决,8D方法,,,7,true,2025-11-25 02:38:01.116762+00,2025-11-25 02:38:01.116762+00
8,3,问题解决,Why-Why分析,,,8,true,2025-11-25 02:38:01.116762+00,2025-11-25 02:38:01.116762+00
9,3,问题解决,根因分析,,,9,true,2025-11-25 02:38:01.116762+00,2025-11-25 02:38:01.116762+00
10,4,项目管理,项目计划,,,10,true,2025-11-25 02:38:01.116762+00,2025-11-25 02:38:01.116762+00
11,4,项目管理,进度管理,,,11,true,2025-11-25 02:38:01.116762+00,2025-11-25 02:38:01.116762+00
12,4,项目管理,风险管理,,,12,true,2025-11-25 02:38:01.116762+00,2025-11-25 02:38:01.116762+00
13,5,数据分析,统计分析,,,13,true,2025-11-25 02:38:01.116762+00,2025-11-25 02:38:01.116762+00
14,5,数据分析,Excel高级应用,,,14,true,2025-11-25 02:38:01.116762+00,2025-11-25 02:38:01.116762+00
15,5,数据分析,数据可视化,,,15,true,2025-11-25 02:38:01.116762+00,2025-11-25 02:38:01.116762+00
16,6,团队领导,团队建设,,,16,true,2025-11-25 02:38:01.116762+00,2025-11-25 02:38:01.116762+00
17,6,团队领导,沟通协调,,,17,true,2025-11-25 02:38:01.116762+00,2025-11-25 02:38:01.116762+00
18,6,团队领导,冲突管理,,,18,true,2025-11-25 02:38:01.116762+00,2025-11-25 02:38:01.116762+00
19,7,质量管理,SPC,,,19,true,2025-11-25 02:38:01.116762+00,2025-11-25 02:38:01.116762+00
20,7,质量管理,FMEA,,,20,true,2025-11-25 02:38:01.116762+00,2025-11-25 02:38:01.116762+00
21,7,质量管理,质量改进,,,21,true,2025-11-25 02:38:01.116762+00,2025-11-25 02:38:01.116762+00
22,8,设备管理,设备选型,,,22,true,2025-11-25 02:38:01.116762+00,2025-11-25 02:38:01.116762+00
23,8,设备管理,设备调试,,,23,true,2025-11-25 02:38:01.116762+00,2025-11-25 02:38:01.116762+00
24,8,设备管理,设备优化,,,24,true,2025-11-25 02:38:01.116762+00,2025-11-25 02:38:01.116762+00
25,9,流程优化,流程分析,,,25,true,2025-11-25 02:38:01.116762+00,2025-11-25 02:38:01.116762+00
26,9,流程优化,流程设计,,,26,true,2025-11-25 02:38:01.116762+00,2025-11-25 02:38:01.116762+00
27,9,流程优化,流程实施,,,27,true,2025-11-25 02:38:01.116762+00,2025-11-25 02:38:01.116762+00
28,1,TPM基础,BPS System approach,,,1,true,2025-11-25 03:45:25.531163+00,2025-11-25 05:06:25.054786+00
29,1,BPS elements,VSM/VSD,,,2,true,2025-11-25 03:45:25.531163+00,2025-11-25 03:45:25.531163+00
30,1,BPS elements,"SMC, Process confirmation, Visual management",,,3,true,2025-11-25 03:45:25.531163+00,2025-11-25 03:45:25.531163+00
31,1,TPM基础,WAS,,,4,true,2025-11-25 03:45:25.531163+00,2025-11-25 05:06:25.054786+00
32,1,BPS elements,Problem solving: 10KK/A3/PSS,,,5,true,2025-11-25 03:45:25.531163+00,2025-11-25 03:45:25.531163+00
33,2,Investment efficiency_PGL,Premises & Risk Assessment,,,6,true,2025-11-25 03:45:25.531163+00,2025-11-25 03:45:25.531163+00
34,2,Investment efficiency_PGL,DFMA,,,7,true,2025-11-25 03:45:25.531163+00,2025-11-25 03:45:25.531163+00
35,2,Investment efficiency_PGL,LLD,,,8,true,2025-11-25 03:45:25.531163+00,2025-11-25 03:45:25.531163+00
36,2,Investment efficiency_PGL,FOL,,,9,true,2025-11-25 03:45:25.531163+00,2025-11-25 03:45:25.531163+00
37,2,Investment efficiency_PGL,Scaling,,,10,true,2025-11-25 03:45:25.531163+00,2025-11-25 03:45:25.531163+00
38,3,Investment efficiency_IE,Workplace design(LCA & EAWS & Karakuri),,,11,true,2025-11-25 03:45:25.531163+00,2025-11-25 03:45:25.531163+00
39,3,Investment efficiency_IE,MTM-UAS & SD & MTM1,,,12,true,2025-11-25 03:45:25.531163+00,2025-11-25 03:45:25.531163+00
40,3,Investment efficiency_IE,MTM-LOG,,,13,true,2025-11-25 03:45:25.531163+00,2025-11-25 03:45:25.531163+00
41,3,Investment efficiency_IE,MTM-Inspection/Q,,,14,true,2025-11-25 03:45:25.531163+00,2025-11-25 03:45:25.531163+00
42,4,Waste-free&stable flow_TPM,TPM program management,,,15,true,2025-11-25 03:45:25.531163+00,2025-11-25 03:45:25.531163+00
43,4,Waste-free&stable flow_TPM,Change management,,,16,true,2025-11-25 03:45:25.531163+00,2025-11-25 03:45:25.531163+00
44,4,Waste-free&stable flow_TPM,"Loss intelligence: Key Performance Indicators & Loss cost matrix & Loss Deployment (Levels 1, 2,3..)",,,17,true,2025-11-25 03:45:25.531163+00,2025-11-25 03:45:25.531163+00
45,4,Waste-free&stable flow_TPM,"Loss eradication: 10KK, RBC, QAM… & AM team",,,18,true,2025-11-25 03:45:25.531163+00,2025-11-25 03:45:25.531163+00
46,4,Waste-free&stable flow_TPM,Loss prevention: PCS(incl. DLR),,,19,true,2025-11-25 03:45:25.531163+00,2025-11-25 03:45:25.531163+00
47,5,Waste-free&stable flow_LBP,Logistic index,,,20,true,2025-11-25 03:45:25.531163+00,2025-11-25 03:45:25.531163+00
48,5,Waste-free&stable flow_LBP,Pull & Levelling,,,21,true,2025-11-25 03:45:25.531163+00,2025-11-25 03:45:25.531163+00
49,5,Waste-free&stable flow_LBP,Package design(PFEP),,,22,true,2025-11-25 03:45:25.531163+00,2025-11-25 03:45:25.531163+00
50,5,Waste-free&stable flow_LBP,"Material supply(POUP, Milkrun AGV)",,,23,true,2025-11-25 03:45:25.531163+00,2025-11-25 03:45:25.531163+00
51,5,Waste-free&stable flow_LBP,Ship to line,,,24,true,2025-11-25 03:45:25.531163+00,2025-11-25 03:45:25.531163+00
52,6,Everybody's CIP,Top idea,,,25,true,2025-11-25 03:45:25.531163+00,2025-11-25 03:45:25.531163+00
53,6,Everybody's CIP,Give me 5,,,26,true,2025-11-25 03:45:25.531163+00,2025-11-25 03:45:25.531163+00
54,6,Everybody's CIP,Speed week/ Kaizen week,,,27,true,2025-11-25 03:45:25.531163+00,2025-11-25 03:45:25.531163+00
55,7,Leadership commitment,BLI(BPS Leading improvement),,,28,true,2025-11-25 03:45:25.531163+00,2025-11-25 03:45:25.531163+00
56,7,Leadership commitment,Kyoben/Jishuken (Project),,,29,true,2025-11-25 03:45:25.531163+00,2025-11-25 03:45:25.531163+00
57,7,Leadership commitment,BMT(Moderator/coach),,,30,true,2025-11-25 03:45:25.531163+00,2025-11-25 03:45:25.531163+00
58,7,Leadership commitment,BPS Essential,,,31,true,2025-11-25 03:45:25.531163+00,2025-11-25 03:45:25.531163+00
59,7,Leadership commitment,BPS maturity assessment,,,32,true,2025-11-25 03:45:25.531163+00,2025-11-25 03:45:25.531163+00
60,8,CIP in indirect area_LEAN,A2_Customer interview,,,33,true,2025-11-25 03:45:25.531163+00,2025-11-25 03:45:25.531163+00
61,8,CIP in indirect area_LEAN,B1_Employee capacity & B2_VSDiA,,,34,true,2025-11-25 03:45:25.531163+00,2025-11-25 03:45:25.531163+00
62,8,CIP in indirect area_LEAN,C1_Meeting cascade & C2_WILO,,,35,true,2025-11-25 03:45:25.531163+00,2025-11-25 03:45:25.531163+00
63,8,CIP in indirect area_LEAN,D3_Skill Matrix,,,36,true,2025-11-25 03:45:25.531163+00,2025-11-25 03:45:25.531163+00
64,8,CIP in indirect area_LEAN,Lean Leadership system,,,37,true,2025-11-25 03:45:25.531163+00,2025-11-25 03:45:25.531163+00
65,9,Digital Transformation,Business Analyzer,,,38,true,2025-11-25 03:45:25.531163+00,2025-11-25 03:45:25.531163+00
66,9,Digital Transformation,Data Analyst,,,39,true,2025-11-25 03:45:25.531163+00,2025-11-25 03:45:25.531163+00
70,2,精益流程,VSM/VSD,,,2,true,2025-11-25 05:06:25.054786+00,2025-11-25 05:06:25.054786+00
71,2,精益流程,"SMC, Process confirmation, Visual management",,,3,true,2025-11-25 05:06:25.054786+00,2025-11-25 05:06:25.054786+00
73,3,问题解决,Problem solving: 10KK/A3/PSS,,,5,true,2025-11-25 05:06:25.054786+00,2025-11-25 05:06:25.054786+00
74,1,TPM基础,Premises & Risk Assessment,,,6,true,2025-11-25 05:06:25.054786+00,2025-11-25 05:06:25.054786+00
75,1,TPM基础,DFMA,,,7,true,2025-11-25 05:06:25.054786+00,2025-11-25 05:06:25.054786+00
76,1,TPM基础,LLD,,,8,true,2025-11-25 05:06:25.054786+00,2025-11-25 05:06:25.054786+00
77,1,TPM基础,FOL,,,9,true,2025-11-25 05:06:25.054786+00,2025-11-25 05:06:25.054786+00
78,1,TPM基础,Scaling,,,10,true,2025-11-25 05:06:25.054786+00,2025-11-25 05:06:25.054786+00
79,2,精益流程,Workplace design(LCA & EAWS & Karakuri),,,11,true,2025-11-25 05:06:25.054786+00,2025-11-25 05:06:25.054786+00
80,2,精益流程,MTM-UAS & SD & MTM1,,,12,true,2025-11-25 05:06:25.054786+00,2025-11-25 05:06:25.054786+00
81,2,精益流程,MTM-LOG,,,13,true,2025-11-25 05:06:25.054786+00,2025-11-25 05:06:25.054786+00
82,2,精益流程,MTM-Inspection/Q,,,14,true,2025-11-25 05:06:25.054786+00,2025-11-25 05:06:25.054786+00
83,3,问题解决,TPM program management,,,15,true,2025-11-25 05:06:25.054786+00,2025-11-25 05:06:25.054786+00
84,1,TPM基础,Change management,,,16,true,2025-11-25 05:06:25.054786+00,2025-11-25 05:06:25.054786+00
85,3,问题解决,"Loss intelligence: Key Performance Indicators & Loss cost matrix & Loss Deployment (Levels 1, 2,3..)",,,17,true,2025-11-25 05:06:25.054786+00,2025-11-25 05:06:25.054786+00
86,3,问题解决,"Loss eradication: 10KK, RBC, QAM… & AM team",,,18,true,2025-11-25 05:06:25.054786+00,2025-11-25 05:06:25.054786+00
87,3,问题解决,Loss prevention: PCS(incl. DLR),,,19,true,2025-11-25 05:06:25.054786+00,2025-11-25 05:06:25.054786+00
88,2,精益流程,Logistic index,,,20,true,2025-11-25 05:06:25.054786+00,2025-11-25 05:06:25.054786+00
89,2,精益流程,Pull & Levelling,,,21,true,2025-11-25 05:06:25.054786+00,2025-11-25 05:06:25.054786+00
90,2,精益流程,Package design(PFEP),,,22,true,2025-11-25 05:06:25.054786+00,2025-11-25 05:06:25.054786+00
91,2,精益流程,"Material supply(POUP, Milkrun AGV)",,,23,true,2025-11-25 05:06:25.054786+00,2025-11-25 05:06:25.054786+00
92,2,精益流程,Ship to line,,,24,true,2025-11-25 05:06:25.054786+00,2025-11-25 05:06:25.054786+00
93,4,项目管理,Top idea,,,25,true,2025-11-25 05:06:25.054786+00,2025-11-25 05:06:25.054786+00
94,4,项目管理,Give me 5,,,26,true,2025-11-25 05:06:25.054786+00,2025-11-25 05:06:25.054786+00
95,4,项目管理,Speed week/ Kaizen week,,,27,true,2025-11-25 05:06:25.054786+00,2025-11-25 05:06:25.054786+00
96,4,项目管理,BLI(BPS Leading improvement),,,28,true,2025-11-25 05:06:25.054786+00,2025-11-25 05:06:25.054786+00
97,4,项目管理,Kyoben/Jishuken (Project),,,29,true,2025-11-25 05:06:25.054786+00,2025-11-25 05:06:25.054786+00
98,6,团队领导,BMT(Moderator/coach),,,30,true,2025-11-25 05:06:25.054786+00,2025-11-25 05:06:25.054786+00
99,1,TPM基础,BPS Essential,,,31,true,2025-11-25 05:06:25.054786+00,2025-11-25 05:06:25.054786+00
100,1,TPM基础,BPS maturity assessment,,,32,true,2025-11-25 05:06:25.054786+00,2025-11-25 05:06:25.054786+00
101,2,精益流程,A2_Customer interview,,,33,true,2025-11-25 05:06:25.054786+00,2025-11-25 05:06:25.054786+00
102,6,团队领导,B1_Employee capacity & B2_VSDiA,,,34,true,2025-11-25 05:06:25.054786+00,2025-11-25 05:06:25.054786+00
103,6,团队领导,C1_Meeting cascade & C2_WILO,,,35,true,2025-11-25 05:06:25.054786+00,2025-11-25 05:06:25.054786+00
104,6,团队领导,D3_Skill Matrix,,,36,true,2025-11-25 05:06:25.054786+00,2025-11-25 05:06:25.054786+00
105,5,数据分析,Lean Leadership system,,,37,true,2025-11-25 05:06:25.054786+00,2025-11-25 05:06:25.054786+00
106,7,质量管理,Power BI,,,38,true,2025-11-25 05:06:25.054786+00,2025-11-25 05:06:25.054786+00
107,7,质量管理,"Low code platform(Jiandaoyun, power apps)",,,39,true,2025-11-25 05:06:25.054786+00,2025-11-25 05:06:25.054786+00
108,1,TPM基础,...,,,40,true,2025-11-25 05:06:25.054786+00,2025-11-25 05:06:25.054786+00